first_name,last_name,email,gender,country
Maryellen,Fairbourne,mfairbourne0@canalblog.com,Female,Indonesia
Haven,Clausson,hclausson1@so-net.ne.jp,Genderfluid,Yemen
Patsy,Penner,ppenner2@ycombinator.com,Non-binary,Democratic Republic of the Congo
Jacintha,Reubbens,jreubbens3@fema.gov,Agender,Philippines
Quintana,Salerg,qsalerg4@chronoengine.com,Genderfluid,Philippines
Bartholomeo,Gerrie,bgerrie5@marriott.com,Male,China
Thibaut,Bryers,tbryers6@ebay.com,Genderqueer,Peru
Jaquelyn,Barthot,jbarthot7@nps.gov,Female,Brazil
Delphinia,Yeates,dyeates8@usnews.com,Female,China
Daveta,Elce,delce9@google.ca,Genderqueer,Brazil
Martin,Stallybrass,mstallybrassa@jigsy.com,Non-binary,Philippines
Nessi,Hubbold,nhubboldb@joomla.org,Polygender,Serbia
Shelagh,Matteucci,smatteuccic@wufoo.com,Female,Indonesia
Eleanor,Jayes,ejayesd@tinypic.com,Female,Russia
Nerti,Cottier,ncottiere@prlog.org,Non-binary,Argentina
Moyra,Rothon,mrothonf@addthis.com,Agender,Oman
Giorgia,Joslow,gjoslowg@163.com,Bigender,Sweden
Candice,Shailer,cshailerh@rambler.ru,Genderfluid,Malaysia
Cassie,Simionato,csimionatoi@youtu.be,Bigender,Portugal
Trina,Flintiff,tflintiffj@dmoz.org,Genderfluid,South Africa
Rabi,Dalyell,rdalyellk@java.com,Female,Pakistan
Maribeth,Cavill,mcavilll@paypal.com,Bigender,Argentina
Roderick,Ible,riblem@delicious.com,Female,Niger
Deeann,Oxterby,doxterbyn@bigcartel.com,Bigender,China
Dominick,Switland,dswitlando@odnoklassniki.ru,Male,China
Claudio,Crisp,ccrispp@com.com,Polygender,Brazil
Lilian,Mirams,lmiramsq@patch.com,Polygender,China
Danyette,Naris,dnarisr@craigslist.org,Genderqueer,Russia
Abrahan,Skim,askims@washington.edu,Polygender,Argentina
Hermon,Crippes,hcrippest@microsoft.com,Agender,Palestinian Territory
Midge,Buyers,mbuyersu@addtoany.com,Bigender,China
Toiboid,Domniney,tdomnineyv@google.com.au,Agender,Azerbaijan
Libbie,Popland,lpoplandw@sourceforge.net,Bigender,China
Arch,Agnew,aagnewx@state.gov,Genderfluid,Zambia
Rob,McCullough,rmcculloughy@bizjournals.com,Agender,China
Giff,Crighton,gcrightonz@soup.io,Genderfluid,Norway
Zola,McCrystal,zmccrystal10@cpanel.net,Genderqueer,Sweden
Deb,Filip,dfilip11@linkedin.com,Bigender,Russia
Christos,Allabarton,callabarton12@admin.ch,Female,China
Maurice,Wanell,mwanell13@auda.org.au,Non-binary,Peru
Leda,Du Fray,ldufray14@mozilla.org,Bigender,Japan
Emelita,Amorts,eamorts15@vk.com,Genderfluid,Egypt
Nolan,Rivard,nrivard16@ftc.gov,Genderfluid,Russia
Birgit,Foord,bfoord17@mlb.com,Genderqueer,Madagascar
Martica,Comins,mcomins18@discovery.com,Genderfluid,Thailand
Rubi,Escale,rescale19@surveymonkey.com,Agender,Indonesia
Normy,Iacoboni,niacoboni1a@behance.net,Female,Philippines
Sylvester,Sadat,ssadat1b@miitbeian.gov.cn,Female,Bangladesh
Karol,Vossing,kvossing1c@spiegel.de,Bigender,China
Reynolds,Arnecke,rarnecke1d@whitehouse.gov,Polygender,Philippines
Virgie,Iveagh,viveagh1e@utexas.edu,Polygender,Thailand
Shannah,Hanning,shanning1f@furl.net,Female,Russia
Myrlene,Flacknoe,mflacknoe1g@alibaba.com,Female,Indonesia
Elwood,Cotton,ecotton1h@alibaba.com,Female,China
Barbabra,Lawrence,blawrence1i@economist.com,Polygender,France
Sutton,McCullen,smccullen1j@sphinn.com,Non-binary,Indonesia
Aleta,Burkitt,aburkitt1k@state.gov,Female,China
Rhianon,De Pietri,rdepietri1l@flickr.com,Bigender,Thailand
Shayne,Hamstead,shamstead1m@apache.org,Male,Palestinian Territory
Bent,Pawlett,bpawlett1n@netscape.com,Polygender,United States
Skip,Stearne,sstearne1o@altervista.org,Male,China
Randy,Queenborough,rqueenborough1p@amazonaws.com,Non-binary,Philippines
Kimberli,Humes,khumes1q@webmd.com,Genderfluid,Czech Republic
Brent,Vasyushkhin,bvasyushkhin1r@sphinn.com,Male,Sweden
Daffy,Kupper,dkupper1s@soup.io,Agender,Sweden
Yettie,Stilgoe,ystilgoe1t@usnews.com,Non-binary,South Africa
Briana,Filon,bfilon1u@google.it,Female,Russia
Lazar,Dodman,ldodman1v@businessinsider.com,Agender,Cambodia
Leonelle,Curneen,lcurneen1w@google.com.br,Bigender,Indonesia
Caril,Atkin,catkin1x@microsoft.com,Polygender,Djibouti
Austin,Fearns,afearns1y@nhs.uk,Genderfluid,Poland
Helaina,Oldaker,holdaker1z@state.gov,Polygender,China
Alix,Lasty,alasty20@slate.com,Genderqueer,Panama
Devi,Greated,dgreated21@lycos.com,Male,Thailand
Stern,Jewer,sjewer22@liveinternet.ru,Male,North Korea
Sadye,Ovanesian,sovanesian23@e-recht24.de,Agender,Indonesia
Reggie,MacNess,rmacness24@live.com,Genderqueer,Ukraine
Page,Tummons,ptummons25@domainmarket.com,Agender,Vietnam
Marco,Windrus,mwindrus26@amazon.com,Non-binary,Macedonia
Maryellen,Edlestone,medlestone27@usatoday.com,Non-binary,Sweden
Saloma,Jacqueme,sjacqueme28@a8.net,Bigender,China
Charmain,Culkin,cculkin29@usatoday.com,Genderqueer,Norway
Waverly,Kivlin,wkivlin2a@newsvine.com,Agender,United States
Curran,Hanselman,chanselman2b@mozilla.com,Polygender,Kyrgyzstan
Carmina,Hanssmann,chanssmann2c@weather.com,Male,Indonesia
Paulie,Durnian,pdurnian2d@google.nl,Male,United States
Miof mela,Wickes,mwickes2e@disqus.com,Genderfluid,China
Stormi,Vannah,svannah2f@nyu.edu,Bigender,China
Farica,Bashford,fbashford2g@yahoo.com,Bigender,Czech Republic
Amalita,Clancy,aclancy2h@drupal.org,Genderfluid,China
Thornton,Bullick,tbullick2i@qq.com,Female,Poland
Valina,Mac Geaney,vmacgeaney2j@icq.com,Agender,China
Mercedes,Laurent,mlaurent2k@e-recht24.de,Polygender,Guatemala
Kial,Marley,kmarley2l@wordpress.org,Female,Denmark
Chelsey,Dreigher,cdreigher2m@ihg.com,Bigender,Indonesia
Leia,Shuttle,lshuttle2n@cdbaby.com,Genderqueer,Indonesia
Bebe,Geharke,bgeharke2o@apple.com,Agender,Greece
Florinda,Haack,fhaack2p@studiopress.com,Genderfluid,Russia
Mair,Rhule,mrhule2q@google.com,Genderfluid,China
Samantha,Pellman,spellman2r@twitpic.com,Polygender,France
Wynn,Heinssen,wheinssen2s@instagram.com,Male,China
Cherri,Mc Gorley,cmcgorley2t@mtv.com,Female,China
Malva,Leckey,mleckey2u@prnewswire.com,Genderqueer,United States
Bernete,Vennart,bvennart2v@bbc.co.uk,Polygender,Ukraine
Locke,Vasilchenko,lvasilchenko2w@mtv.com,Genderqueer,China
Sibylla,Hopkyns,shopkyns2x@jigsy.com,Genderqueer,Philippines
Lynna,Idenden,lidenden2y@forbes.com,Polygender,Peru
Ingamar,Nazareth,inazareth2z@dedecms.com,Bigender,Portugal
Darla,Yakubovich,dyakubovich30@flickr.com,Agender,Denmark
Frank,Pariss,fpariss31@vk.com,Genderqueer,Indonesia
Susannah,Heck,sheck32@ibm.com,Agender,Portugal
Barbara-anne,Whitters,bwhitters33@wufoo.com,Genderqueer,Czech Republic
Rowland,Cornillot,rcornillot34@psu.edu,Polygender,El Salvador
Hansiain,Cadge,hcadge35@google.co.jp,Female,Venezuela
Keene,Elcoate,kelcoate36@ihg.com,Bigender,Serbia
Myrle,Ruslinge,mruslinge37@sciencedaily.com,Bigender,Russia
Kassie,Domotor,kdomotor38@ustream.tv,Agender,China
Putnam,Walls,pwalls39@ebay.com,Agender,France
Vidovik,Dunan,vdunan3a@weebly.com,Polygender,Portugal
Alena,Tomasino,atomasino3b@berkeley.edu,Agender,Kazakhstan
Jacobo,Tomsu,jtomsu3c@live.com,Bigender,Ivory Coast
Thatcher,Josse,tjosse3d@google.nl,Non-binary,Indonesia
Gwyneth,Kiledal,gkiledal3e@umich.edu,Bigender,Morocco
Lacee,Danjoie,ldanjoie3f@technorati.com,Polygender,Palau
Lloyd,Hulle,lhulle3g@bloomberg.com,Male,Philippines
Karna,Porteous,kporteous3h@hao123.com,Polygender,Venezuela
Arne,Faughny,afaughny3i@epa.gov,Genderfluid,China
Juan,McGennis,jmcgennis3j@merriam-webster.com,Agender,Afghanistan
Edythe,Oxton,eoxton3k@arizona.edu,Polygender,Albania
Neville,Keely,nkeely3l@blogspot.com,Agender,China
Alon,Zoppie,azoppie3m@qq.com,Female,Poland
Garwood,Sprason,gsprason3n@netlog.com,Non-binary,Macedonia
Alfreda,Pallent,apallent3o@joomla.org,Female,Indonesia
Shae,Lacrouts,slacrouts3p@epa.gov,Genderqueer,France
Hyacintha,Tribe,htribe3q@skype.com,Male,Indonesia
Art,Sumers,asumers3r@bbb.org,Polygender,Russia
Jo,Hanstock,jhanstock3s@mit.edu,Non-binary,Pakistan
Sully,McWhinnie,smcwhinnie3t@irs.gov,Bigender,Philippines
Uriel,Twamley,utwamley3u@businessweek.com,Genderfluid,Sweden
Erek,Cornier,ecornier3v@umich.edu,Male,Russia
Patricio,Adshead,padshead3w@pinterest.com,Agender,Canada
Sherill,Clandillon,sclandillon3x@hc360.com,Agender,China
Claiborne,Giacomello,cgiacomello3y@icio.us,Male,China
Huntlee,Snaddon,hsnaddon3z@cdc.gov,Agender,China
Stevena,Michelle,smichelle40@hao123.com,Genderqueer,Brazil
Zebulen,Greber,zgreber41@symantec.com,Male,Czech Republic
Kendra,Oldnall,koldnall42@parallels.com,Non-binary,Russia
Toiboid,Jobke,tjobke43@bloglovin.com,Agender,Cuba
Teddi,Loughnan,tloughnan44@usda.gov,Genderqueer,Greece
Aubrey,Andreev,aandreev45@walmart.com,Bigender,Guatemala
Otes,Cowderoy,ocowderoy46@reverbnation.com,Genderfluid,Portugal
Jefferey,Munford,jmunford47@cloudflare.com,Genderfluid,Sweden
Ripley,Henkmann,rhenkmann48@dailymail.co.uk,Polygender,Philippines
Johannah,Momford,jmomford49@indiatimes.com,Male,Kosovo
Terese,Bickerdicke,tbickerdicke4a@go.com,Polygender,Ukraine
Zebulon,Arrol,zarrol4b@mtv.com,Bigender,Brazil
Maryrose,Dorbin,mdorbin4c@google.pl,Polygender,Japan
Aldric,Iwanicki,aiwanicki4d@theguardian.com,Agender,China
Corilla,Onion,conion4e@businessweek.com,Polygender,China
Jody,Baldin,jbaldin4f@nih.gov,Female,Hungary
Quincey,Shaplin,qshaplin4g@de.vu,Male,China
Wilow,Dowding,wdowding4h@qq.com,Female,Philippines
Birgit,Cosin,bcosin4i@mashable.com,Agender,Libya
Jeralee,Pauley,jpauley4j@parallels.com,Polygender,Russia
Mick,Lamba,mlamba4k@cnbc.com,Genderfluid,Afghanistan
Jacklyn,Coombes,jcoombes4l@eepurl.com,Non-binary,China
Gorden,Sudy,gsudy4m@dagondesign.com,Female,Colombia
Kalila,Fishlee,kfishlee4n@fc2.com,Bigender,Germany
Eldridge,Pride,epride4o@360.cn,Genderqueer,China
Claire,Aires,caires4p@ted.com,Genderfluid,Iran
Oralle,Fenners,ofenners4q@ca.gov,Bigender,Indonesia
Astrid,MacInerney,amacinerney4r@youtu.be,Genderfluid,Indonesia
Vito,Side,vside4s@yahoo.com,Male,Mongolia
Nesta,McCrie,nmccrie4t@jigsy.com,Polygender,Poland
Chance,Langstone,clangstone4u@mlb.com,Polygender,Philippines
Sandie,Causnett,scausnett4v@so-net.ne.jp,Polygender,Indonesia
Britteny,Boig,bboig4w@trellian.com,Polygender,Indonesia
Karney,Mayhow,kmayhow4x@gravatar.com,Bigender,Nigeria
Claiborne,Gamil,cgamil4y@ask.com,Bigender,China
Ardenia,Manuel,amanuel4z@merriam-webster.com,Non-binary,Guatemala
Wilbur,Algate,walgate50@furl.net,Female,Colombia
Baird,Sidworth,bsidworth51@xrea.com,Female,China
Sophronia,Bazley,sbazley52@webeden.co.uk,Polygender,Mongolia
Wandis,Jarrette,wjarrette53@un.org,Polygender,Russia
Corliss,Aburrow,caburrow54@vk.com,Male,Mexico
Genny,Freer,gfreer55@facebook.com,Female,China
Carina,Leavy,cleavy56@bigcartel.com,Genderqueer,China
Patricio,Giorgeschi,pgiorgeschi57@newsvine.com,Female,Indonesia
Dane,Wilks,dwilks58@over-blog.com,Male,Israel
Welbie,Furminger,wfurminger59@newyorker.com,Genderqueer,Haiti
Arliene,Handke,ahandke5a@nifty.com,Agender,Brazil
Pancho,Chadbourne,pchadbourne5b@issuu.com,Genderfluid,China
Klara,Rising,krising5c@wordpress.org,Polygender,China
Kinsley,Ruddell,kruddell5d@artisteer.com,Non-binary,Russia
Dyana,Rahl,drahl5e@wikimedia.org,Genderqueer,Colombia
Andros,Leary,aleary5f@homestead.com,Genderqueer,Japan
Adair,Ginie,aginie5g@google.com.br,Male,Philippines
Findley,House,fhouse5h@google.ru,Female,China
Vera,Marrill,vmarrill5i@tuttocitta.it,Bigender,Russia
Ketty,Wilsher,kwilsher5j@usgs.gov,Bigender,Indonesia
Tova,Lauxmann,tlauxmann5k@amazon.com,Polygender,Portugal
Starr,Killshaw,skillshaw5l@tumblr.com,Non-binary,Peru
Ruperta,Ewings,rewings5m@youtube.com,Bigender,China
Bernette,Tolfrey,btolfrey5n@time.com,Bigender,Russia
Jennifer,Pettiford,jpettiford5o@stumbleupon.com,Male,China
Tessi,Doust,tdoust5p@last.fm,Polygender,Colombia
Ritchie,Monteath,rmonteath5q@xinhuanet.com,Bigender,Serbia
Vikki,Wogdon,vwogdon5r@ehow.com,Bigender,Colombia
Ree,Orrom,rorrom5s@spiegel.de,Bigender,China
Ingmar,Hambrick,ihambrick5t@tuttocitta.it,Male,Indonesia
Amelie,Vidineev,avidineev5u@altervista.org,Agender,Kenya
Rockie,Buckberry,rbuckberry5v@goodreads.com,Bigender,Russia
Karrah,Tilt,ktilt5w@rambler.ru,Genderfluid,Philippines
Martainn,Bransby,mbransby5x@nymag.com,Male,Peru
Karlene,Caldicot,kcaldicot5y@patch.com,Female,Sweden
Shana,Lindenfeld,slindenfeld5z@homestead.com,Bigender,Italy
Weston,Whitear,wwhitear60@usnews.com,Non-binary,Bosnia and Herzegovina
Jeanine,Tedorenko,jtedorenko61@techcrunch.com,Non-binary,Nigeria
Rebecka,Splain,rsplain62@discuz.net,Agender,Japan
Sylvia,Jekel,sjekel63@tuttocitta.it,Female,New Caledonia
Drake,Godard,dgodard64@newsvine.com,Genderqueer,Brazil
Aimee,Lexa,alexa65@guardian.co.uk,Female,Dominican Republic
Shandee,Rolse,srolse66@bbc.co.uk,Bigender,Indonesia
Parnell,Naptin,pnaptin67@apple.com,Genderfluid,Indonesia
Tracey,Horry,thorry68@simplemachines.org,Polygender,Malaysia
Karel,Borrowman,kborrowman69@sun.com,Polygender,Indonesia
Joey,Buttrum,jbuttrum6a@unesco.org,Genderqueer,Russia
Celie,Beurich,cbeurich6b@freewebs.com,Genderfluid,France
Essie,Dendon,edendon6c@unblog.fr,Genderqueer,France
Silvanus,Woodes,swoodes6d@washington.edu,Bigender,United States
Pip,Calloway,pcalloway6e@apple.com,Bigender,Vietnam
Rollin,Tollet,rtollet6f@nydailynews.com,Agender,Nigeria
Rex,Albery,ralbery6g@exblog.jp,Non-binary,Indonesia
Rolfe,Scade,rscade6h@imdb.com,Genderfluid,Sri Lanka
Ric,Heiner,rheiner6i@cnbc.com,Genderfluid,China
Pascale,Connerly,pconnerly6j@example.com,Agender,China
Olenka,Beers,obeers6k@odnoklassniki.ru,Genderfluid,Czech Republic
Benoit,Delnevo,bdelnevo6l@guardian.co.uk,Male,Belarus
Michail,Weekley,mweekley6m@xing.com,Male,China
Candis,Dahler,cdahler6n@shop-pro.jp,Genderqueer,Brazil
Zenia,Borrill,zborrill6o@list-manage.com,Male,Indonesia
Klarrisa,Winteringham,kwinteringham6p@cargocollective.com,Bigender,China
Carlene,Mulcahy,cmulcahy6q@technorati.com,Polygender,Japan
Janaya,Cosgry,jcosgry6r@google.nl,Genderfluid,Colombia
Jourdain,Udden,judden6s@tuttocitta.it,Non-binary,Thailand
Tabb,Sickamore,tsickamore6t@mozilla.org,Agender,Russia
Reggy,Hellewell,rhellewell6u@devhub.com,Genderqueer,France
Eben,MacHoste,emachoste6v@upenn.edu,Polygender,Indonesia
Brose,Ferrie,bferrie6w@freewebs.com,Genderqueer,Kazakhstan
Ash,Percy,apercy6x@ucoz.com,Polygender,United States
Prince,Woodland,pwoodland6y@php.net,Male,Philippines
Leandra,Meeron,lmeeron6z@hud.gov,Genderqueer,Greece
Sandor,Klass,sklass70@cpanel.net,Female,Russia
Delilah,D'Adamo,ddadamo71@prnewswire.com,Polygender,Indonesia
Eden,Lewington,elewington72@dion.ne.jp,Male,China
Addison,Siddall,asiddall73@amazonaws.com,Non-binary,Indonesia
Corrine,Taylerson,ctaylerson74@java.com,Genderqueer,Indonesia
Danni,Sturgess,dsturgess75@telegraph.co.uk,Genderqueer,Ukraine
Ara,Spink,aspink76@hostgator.com,Bigender,Indonesia
Iago,Scoyne,iscoyne77@dagondesign.com,Agender,China
Henderson,Penwright,hpenwright78@amazon.co.uk,Polygender,Morocco
Grier,Faldoe,gfaldoe79@wisc.edu,Genderfluid,Macedonia
Alameda,Matthaus,amatthaus7a@drupal.org,Male,Peru
Lemmie,Lowrie,llowrie7b@sun.com,Genderqueer,Japan
Adore,Graveston,agraveston7c@last.fm,Polygender,Philippines
Josiah,Heggadon,jheggadon7d@trellian.com,Polygender,South Africa
Bernardine,Antoniou,bantoniou7e@mysql.com,Genderqueer,Russia
Redford,Jandera,rjandera7f@slideshare.net,Genderfluid,Greece
Tildie,Godding,tgodding7g@a8.net,Agender,Sweden
Magdalena,Elson,melson7h@microsoft.com,Male,Albania
Rad,Stonner,rstonner7i@i2i.jp,Bigender,Vietnam
Holt,Haycraft,hhaycraft7j@tinyurl.com,Agender,Poland
Emogene,Cressor,ecressor7k@addthis.com,Polygender,Palestinian Territory
Rochester,Ovett,rovett7l@google.ru,Genderfluid,Czech Republic
Maury,Kington,mkington7m@ezinearticles.com,Female,Japan
Luisa,Grund,lgrund7n@time.com,Female,Ukraine
Delly,Poytres,dpoytres7o@hexun.com,Polygender,China
Dione,Jouannot,djouannot7p@oakley.com,Male,Tokelau
Courtney,Russen,crussen7q@exblog.jp,Polygender,China
Shaylynn,Bloys,sbloys7r@youtu.be,Female,China
Koenraad,Dutch,kdutch7s@xing.com,Bigender,China
Iorgos,Knightly,iknightly7t@i2i.jp,Genderqueer,Montenegro
Nicol,Fearns,nfearns7u@dot.gov,Genderfluid,China
Onida,Lindroos,olindroos7v@spotify.com,Female,Palestinian Territory
Holden,Willman,hwillman7w@elegantthemes.com,Agender,Peru
Orville,Lope,olope7x@tiny.cc,Genderqueer,Canada
Harp,Hutcheon,hhutcheon7y@baidu.com,Female,China
Giuditta,Temby,gtemby7z@google.pl,Bigender,Croatia
Lorelei,Niland,lniland80@epa.gov,Male,China
Melosa,Goldhawk,mgoldhawk81@irs.gov,Bigender,Poland
Johann,Hunte,jhunte82@thetimes.co.uk,Polygender,Dominican Republic
Flor,Capper,fcapper83@comsenz.com,Male,Sweden
Ford,Roggero,froggero84@usgs.gov,Non-binary,Haiti
Christoforo,Ronaghan,cronaghan85@dmoz.org,Genderfluid,Philippines
Pepito,Rubica,prubica86@hhs.gov,Male,China
Pooh,Westcot,pwestcot87@fda.gov,Non-binary,Canada
Peirce,Lound,plound88@illinois.edu,Non-binary,Nigeria
Fedora,Ties,fties89@google.com.br,Non-binary,Saudi Arabia
Judas,Hobbert,jhobbert8a@stanford.edu,Non-binary,Brazil
Virgil,Spirit,vspirit8b@europa.eu,Genderqueer,Russia
Desiri,Doust,ddoust8c@umn.edu,Non-binary,China
Tommie,Bouzek,tbouzek8d@plala.or.jp,Polygender,China
Larisa,MacKill,lmackill8e@macromedia.com,Bigender,Russia
Verna,Foulsham,vfoulsham8f@bbc.co.uk,Female,Sweden
Ealasaid,Habeshaw,ehabeshaw8g@google.com,Agender,Peru
Pennie,Robertson,probertson8h@netvibes.com,Non-binary,Brazil
Hadrian,Madgwick,hmadgwick8i@examiner.com,Bigender,Greece
Stephie,Dunlop,sdunlop8j@usda.gov,Non-binary,Russia
Zacharias,Semper,zsemper8k@mapquest.com,Female,Bosnia and Herzegovina
Trina,Baynton,tbaynton8l@booking.com,Non-binary,Russia
Arin,Willbourne,awillbourne8m@usgs.gov,Male,Indonesia
Junette,Stinson,jstinson8n@google.cn,Bigender,Indonesia
Nikaniki,Goodband,ngoodband8o@usatoday.com,Bigender,French Guiana
Thalia,Shaw,tshaw8p@ibm.com,Agender,Indonesia
Cullan,Skipping,cskipping8q@umn.edu,Genderfluid,Pakistan
Kiley,Fabbro,kfabbro8r@twitpic.com,Polygender,New Zealand
Talia,Danielou,tdanielou8s@huffingtonpost.com,Genderqueer,China
Shoshanna,Shillitto,sshillitto8t@abc.net.au,Agender,Peru
Charity,Vannini,cvannini8u@uiuc.edu,Non-binary,Brazil
Rockie,Pickover,rpickover8v@topsy.com,Genderqueer,Kuwait
Nertie,Jelks,njelks8w@studiopress.com,Polygender,United States
Thatcher,Churchill,tchurchill8x@nasa.gov,Agender,China
Ade,Roels,aroels8y@dot.gov,Bigender,Indonesia
Wilton,Adao,wadao8z@oakley.com,Genderfluid,Slovenia
Jobi,Gatus,jgatus90@privacy.gov.au,Bigender,China
Bunnie,Hallybone,bhallybone91@prnewswire.com,Genderfluid,United Arab Emirates
Alon,Smallsman,asmallsman92@friendfeed.com,Female,Indonesia
Todd,Harby,tharby93@usnews.com,Non-binary,Bhutan
Mart,Vearncombe,mvearncombe94@networkadvertising.org,Bigender,Greece
Emlyn,Fitchen,efitchen95@networkadvertising.org,Female,Indonesia
Rosalind,Jakeman,rjakeman96@sogou.com,Non-binary,Russia
Noll,MacFaell,nmacfaell97@tripadvisor.com,Agender,Lithuania
Arlyne,Braid,abraid98@wikispaces.com,Bigender,Micronesia
Alisander,Pretti,apretti99@sakura.ne.jp,Female,Serbia
Meta,Baynard,mbaynard9a@elegantthemes.com,Bigender,France
Pamela,Setchfield,psetchfield9b@google.co.jp,Male,Russia
Lilly,Leidl,lleidl9c@4shared.com,Genderqueer,China
Valle,Nibley,vnibley9d@businessinsider.com,Genderfluid,Egypt
Suki,Knutton,sknutton9e@clickbank.net,Genderfluid,China
Jesus,Farrants,jfarrants9f@yolasite.com,Female,Pakistan
Jorey,Poinsett,jpoinsett9g@about.com,Bigender,Kyrgyzstan
Edgar,Cullon,ecullon9h@goo.ne.jp,Bigender,Poland
Ripley,Shipway,rshipway9i@webs.com,Bigender,China
Mar,Kyle,mkyle9j@g.co,Non-binary,Pakistan
Ezequiel,Snelman,esnelman9k@howstuffworks.com,Genderqueer,Philippines
Dalt,O' Molan,domolan9l@alibaba.com,Female,North Korea
Ede,Ivory,eivory9m@baidu.com,Genderfluid,Croatia
Malchy,Norbury,mnorbury9n@si.edu,Agender,China
Herve,Tromans,htromans9o@plala.or.jp,Non-binary,France
Sue,McSporrin,smcsporrin9p@economist.com,Genderfluid,Greece
Kipp,Devin,kdevin9q@walmart.com,Genderqueer,Portugal
Reuven,Pfeiffer,rpfeiffer9r@slate.com,Polygender,Russia
Lionel,Greggersen,lgreggersen9s@shop-pro.jp,Female,France
Florida,Barttrum,fbarttrum9t@ted.com,Bigender,Luxembourg
Feodora,Hayball,fhayball9u@ftc.gov,Non-binary,Latvia
Gilbert,Foskin,gfoskin9v@weebly.com,Male,Indonesia
Una,Bernet,ubernet9w@jiathis.com,Genderqueer,Brazil
Egbert,Nicholas,enicholas9x@netvibes.com,Non-binary,China
Jenifer,Clements,jclements9y@java.com,Bigender,Croatia
Hew,Wurst,hwurst9z@hatena.ne.jp,Agender,Russia
Jilly,Ratley,jratleya0@huffingtonpost.com,Bigender,Indonesia
Shannon,Garbett,sgarbetta1@reddit.com,Male,Indonesia
Candice,Ciciari,cciciaria2@shinystat.com,Female,Brazil
Jarrod,Shewring,jshewringa3@nytimes.com,Female,Portugal
Rachel,Gawthorp,rgawthorpa4@cocolog-nifty.com,Polygender,China
Hester,Aronin,haronina5@quantcast.com,Female,Togo
Jodee,Battaille,jbattaillea6@scribd.com,Female,Russia
Kandy,Instone,kinstonea7@technorati.com,Agender,Indonesia
Hildegarde,Duplan,hduplana8@biglobe.ne.jp,Female,Netherlands
Rochette,Kerbler,rkerblera9@instagram.com,Bigender,Brazil
Devin,Greenall,dgreenallaa@va.gov,Agender,Portugal
Boone,Flasby,bflasbyab@wunderground.com,Bigender,Brazil
Henrie,Widdowes,hwiddowesac@omniture.com,Agender,Russia
Siouxie,Mowsley,smowsleyad@cnbc.com,Bigender,Pakistan
Giulio,Shortan,gshortanae@techcrunch.com,Genderqueer,China
Bartholomeus,Gallegos,bgallegosaf@blogger.com,Bigender,Indonesia
Bonnee,Bente,bbenteag@jimdo.com,Genderqueer,Colombia
Granthem,Cobb,gcobbah@merriam-webster.com,Genderqueer,Peru
Tillie,Pettett,tpettettai@sciencedaily.com,Genderqueer,France
Jessie,Yablsley,jyablsleyaj@mashable.com,Bigender,China
Brynne,Ronan,bronanak@amazon.co.uk,Male,Japan
Fabien,Jewise,fjewiseal@zimbio.com,Genderqueer,Sweden
Karlan,Gearty,kgeartyam@csmonitor.com,Polygender,France
Camile,McCaughen,cmccaughenan@mapquest.com,Genderfluid,China
Lonee,Whiteford,lwhitefordao@youku.com,Polygender,Madagascar
Tonya,Greatham,tgreathamap@wp.com,Genderqueer,Mexico
Chandal,Vanyukov,cvanyukovaq@msn.com,Agender,Croatia
Elvina,Aistrop,eaistropar@phoca.cz,Genderfluid,Iran
Modestine,Beelby,mbeelbyas@yale.edu,Female,China
Virgina,D'Alesco,vdalescoat@aboutads.info,Polygender,Estonia
Dexter,Pavy,dpavyau@youtu.be,Polygender,Japan
Yvor,Keri,ykeriav@sun.com,Genderqueer,Russia
Weider,Moverley,wmoverleyaw@t.co,Bigender,Poland
Nissie,Royson,nroysonax@ucoz.com,Genderqueer,Croatia
Blaire,Klousner,bklousneray@bigcartel.com,Non-binary,Cyprus
Karleen,Threlfall,kthrelfallaz@mysql.com,Agender,Japan
Poul,Mueller,pmuellerb0@deliciousdays.com,Female,Latvia
Shalom,Lung,slungb1@walmart.com,Polygender,Albania
Maitilde,Tolworthy,mtolworthyb2@google.com.hk,Polygender,Indonesia
Paige,Raysdale,praysdaleb3@etsy.com,Genderqueer,Poland
Humfrid,Hailston,hhailstonb4@sogou.com,Genderqueer,Argentina
Trent,Hunton,thuntonb5@scientificamerican.com,Agender,Indonesia
Lowrance,Jeanesson,ljeanessonb6@barnesandnoble.com,Genderqueer,Greece
Valentijn,Crucitti,vcrucittib7@de.vu,Agender,China
Janka,Fulks,jfulksb8@yolasite.com,Genderfluid,Brazil
Martina,Pine,mpineb9@tiny.cc,Bigender,Brazil
Errick,Aymes,eaymesba@amazon.de,Agender,Portugal
Shelia,De Haven,sdehavenbb@example.com,Genderfluid,China
Babs,Fawcett,bfawcettbc@army.mil,Agender,Philippines
Yvonne,Jopling,yjoplingbd@washington.edu,Female,Russia
Rem,McCaighey,rmccaigheybe@harvard.edu,Polygender,Morocco
Vite,Forrest,vforrestbf@intel.com,Genderfluid,France
Avigdor,Ackred,aackredbg@geocities.jp,Polygender,Sweden
Pamelina,Gatheridge,pgatheridgebh@pagesperso-orange.fr,Male,Indonesia
Tammie,Hudghton,thudghtonbi@goodreads.com,Male,Spain
Garreth,Harrismith,gharrismithbj@friendfeed.com,Agender,Palestinian Territory
Rosanna,Woolard,rwoolardbk@cpanel.net,Male,Philippines
Angelita,Hierro,ahierrobl@photobucket.com,Female,Iraq
Matthiew,Lubman,mlubmanbm@deliciousdays.com,Bigender,Costa Rica
Aida,Suerz,asuerzbn@xing.com,Bigender,Philippines
Flora,Showering,fshoweringbo@quantcast.com,Female,Chile
Gregorio,Baggett,gbaggettbp@noaa.gov,Polygender,Armenia
Barty,Eton,betonbq@squidoo.com,Bigender,China
Gifford,Sainz,gsainzbr@nasa.gov,Genderfluid,China
Neils,Bolstridge,nbolstridgebs@posterous.com,Female,China
Corene,Waine,cwainebt@ucla.edu,Polygender,Tajikistan
Delcine,Meadway,dmeadwaybu@ezinearticles.com,Female,Philippines
Angil,Schott,aschottbv@fda.gov,Genderqueer,Brazil
Koenraad,Gerault,kgeraultbw@people.com.cn,Non-binary,Indonesia
Drusi,Gwioneth,dgwionethbx@friendfeed.com,Agender,Ukraine
Ewen,Frissell,efrissellby@baidu.com,Genderfluid,China
Malina,Spurden,mspurdenbz@mayoclinic.com,Female,Peru
Eula,Mc Curlye,emccurlyec0@fastcompany.com,Bigender,China
Elissa,Braidley,ebraidleyc1@google.ru,Bigender,Ireland
Meggie,Cheverton,mchevertonc2@is.gd,Non-binary,Portugal
Tildie,Daughtrey,tdaughtreyc3@pinterest.com,Genderqueer,Argentina
Lola,Cathel,lcathelc4@example.com,Agender,Brazil
Mervin,St Ledger,mstledgerc5@columbia.edu,Genderfluid,Honduras
Pearce,Broady,pbroadyc6@jiathis.com,Female,Nigeria
Calvin,Lankester,clankesterc7@ask.com,Non-binary,North Korea
Niven,Mewhirter,nmewhirterc8@house.gov,Female,France
Wrennie,Cawley,wcawleyc9@deliciousdays.com,Non-binary,Greece
Danny,Olerenshaw,dolerenshawca@spotify.com,Non-binary,China
Jenny,Daddow,jdaddowcb@webmd.com,Agender,Brazil
Davy,Garfoot,dgarfootcc@addtoany.com,Polygender,Poland
Kania,Routh,krouthcd@illinois.edu,Female,China
Eilis,Gerry,egerryce@yahoo.com,Polygender,Russia
Christie,Hawk,chawkcf@facebook.com,Agender,China
Billie,Fennick,bfennickcg@msu.edu,Polygender,Ethiopia
Kip,Eim,keimch@shop-pro.jp,Male,Indonesia
Edi,McCuis,emccuisci@tuttocitta.it,Polygender,United States
Wilhelmine,Ingarfield,wingarfieldcj@csmonitor.com,Polygender,Canada
Parsifal,Firmin,pfirminck@geocities.com,Male,Costa Rica
Timotheus,O'Regan,toregancl@alibaba.com,Polygender,Brazil
Adrian,Brosoli,abrosolicm@epa.gov,Genderfluid,Cuba
Hamnet,Lilie,hliliecn@apple.com,Genderqueer,Bulgaria
Tim,Newens,tnewensco@wikispaces.com,Genderfluid,China
Orrin,Hartas,ohartascp@rambler.ru,Polygender,Russia
Allegra,MacAlaster,amacalastercq@friendfeed.com,Bigender,Indonesia
Kimble,Penk,kpenkcr@qq.com,Non-binary,Philippines
Queenie,Eyam,qeyamcs@washingtonpost.com,Polygender,Guinea
Hurley,MacCrackan,hmaccrackanct@biblegateway.com,Male,China
Evelyn,Giovannelli,egiovannellicu@cam.ac.uk,Non-binary,Ukraine
Antonetta,Thurlbourne,athurlbournecv@google.de,Male,Czech Republic
Alicia,Liddall,aliddallcw@census.gov,Genderfluid,Croatia
Coriss,Pickthall,cpickthallcx@ehow.com,Bigender,Indonesia
Brewster,Buzza,bbuzzacy@bloglines.com,Bigender,Russia
Bliss,Johns,bjohnscz@istockphoto.com,Female,Argentina
Darrell,Paddon,dpaddond0@timesonline.co.uk,Non-binary,China
Richmound,Giovanitti,rgiovanittid1@goo.gl,Polygender,Indonesia
Tabitha,Phette,tphetted2@ed.gov,Female,Finland
Bing,Pinder,bpinderd3@economist.com,Genderqueer,Portugal
Phillie,Sprull,psprulld4@cbslocal.com,Polygender,Cameroon
Salim,Nayshe,snayshed5@phpbb.com,Bigender,Philippines
Alane,Dallywater,adallywaterd6@cisco.com,Non-binary,Indonesia
Timothy,Espadater,tespadaterd7@gov.uk,Male,Canada
Gus,Blazewski,gblazewskid8@go.com,Agender,Poland
Uriah,Gumbley,ugumbleyd9@cargocollective.com,Genderfluid,Brazil
Garnette,Terram,gterramda@cbsnews.com,Non-binary,Indonesia
Damian,McCallum,dmccallumdb@usda.gov,Genderfluid,China
Alison,Duffus,aduffusdc@php.net,Polygender,United States
Annis,Hessenthaler,ahessenthalerdd@google.it,Female,China
Papageno,Longley,plongleyde@dion.ne.jp,Agender,Indonesia
Frants,Callister,fcallisterdf@sun.com,Agender,Vietnam
Gracia,Meenehan,gmeenehandg@theguardian.com,Non-binary,Syria
Artie,Lent,alentdh@msu.edu,Male,China
Jackson,Strickett,jstrickettdi@topsy.com,Male,Zambia
Ashlie,Chrystie,achrystiedj@github.io,Agender,Brazil
Erwin,MacMechan,emacmechandk@ebay.com,Non-binary,United States
Mela,Curnokk,mcurnokkdl@wix.com,Bigender,China
Hersh,Littley,hlittleydm@google.co.uk,Non-binary,Vietnam
Gaile,Lorenzini,glorenzinidn@constantcontact.com,Non-binary,Indonesia
Justis,Drewry,jdrewrydo@msn.com,Genderfluid,Japan
Constance,Hancell,chancelldp@mozilla.org,Female,Russia
Kanya,Probate,kprobatedq@51.la,Polygender,Pakistan
Sayre,Hanselmann,shanselmanndr@illinois.edu,Agender,Indonesia
Adolpho,Georgeau,ageorgeauds@latimes.com,Polygender,Iran
Cleavland,Perot,cperotdt@i2i.jp,Genderfluid,Mexico
Marin,Walmsley,mwalmsleydu@gov.uk,Male,Indonesia
Sibby,Stockman,sstockmandv@businessweek.com,Non-binary,Sweden
Abra,Gerling,agerlingdw@tripadvisor.com,Non-binary,Peru
Nathanial,Haith,nhaithdx@merriam-webster.com,Agender,Mali
Corey,Wrighton,cwrightondy@drupal.org,Bigender,Russia
Heriberto,Copestick,hcopestickdz@reference.com,Male,Mongolia
Elihu,Spencook,espencooke0@lulu.com,Non-binary,China
Lucais,Liebrecht,lliebrechte1@squarespace.com,Agender,Brazil
Akim,Collingham,acollinghame2@sina.com.cn,Agender,Serbia
Maure,Mahon,mmahone3@si.edu,Genderfluid,Indonesia
Otes,Valencia,ovalenciae4@mit.edu,Bigender,Philippines
Berri,McGahey,bmcgaheye5@behance.net,Non-binary,Tajikistan
Marcello,Guynemer,mguynemere6@twitter.com,Agender,Brazil
Corrinne,Leverette,cleverettee7@java.com,Genderfluid,Indonesia
Maurise,MacMorland,mmacmorlande8@e-recht24.de,Genderfluid,Sweden
Roanna,Kemet,rkemete9@deviantart.com,Non-binary,South Africa
Shelba,Fidgett,sfidgettea@china.com.cn,Genderqueer,Russia
Karyl,Struttman,kstruttmaneb@ucoz.com,Genderfluid,Panama
Marsiella,Demsey,mdemseyec@weather.com,Female,Indonesia
Olvan,Cassley,ocassleyed@latimes.com,Genderfluid,Indonesia
Elset,Andryszczak,eandryszczakee@google.com.hk,Genderfluid,Indonesia
Sidoney,McClements,smcclementsef@msn.com,Female,Canada
Tybie,Lanfear,tlanfeareg@seattletimes.com,Genderqueer,France
Allen,Halewood,ahalewoodeh@telegraph.co.uk,Agender,China
Nissy,Hymor,nhymorei@xinhuanet.com,Bigender,Belarus
Addie,Shitliff,ashitliffej@cnn.com,Male,Poland
Rena,Thyng,rthyngek@drupal.org,Male,Iraq
Hanna,Clardge,hclardgeel@deviantart.com,Bigender,Mongolia
Shayne,Prosch,sproschem@shinystat.com,Non-binary,Greece
Ninnette,Crosher,ncrosheren@ucoz.com,Bigender,Indonesia
Cloe,Durrad,cdurradeo@vkontakte.ru,Polygender,China
Gwenore,Osipenko,gosipenkoep@senate.gov,Female,Indonesia
Lizette,Edgeson,ledgesoneq@over-blog.com,Non-binary,China
Morgana,Livingston,mlivingstoner@photobucket.com,Polygender,Trinidad and Tobago
Barr,Ingman,bingmanes@patch.com,Polygender,France
Bellanca,Fice,bficeet@twitter.com,Genderfluid,Poland
Brod,Cardenas,bcardenaseu@amazonaws.com,Genderqueer,Iran
Nerta,Pedrielli,npedrielliev@nbcnews.com,Genderqueer,Finland
Alyss,Wheelwright,awheelwrightew@youtu.be,Female,Belarus
Val,Auletta,vaulettaex@abc.net.au,Genderfluid,Ukraine
Mariette,Eisold,meisoldey@blogtalkradio.com,Genderfluid,Indonesia
Wolfgang,Malter,wmalterez@cbslocal.com,Genderqueer,Dominican Republic
Thurston,Nicholl,tnichollf0@newyorker.com,Genderfluid,China
Gaye,Lydden,glyddenf1@spiegel.de,Male,Malaysia
Ron,Boomes,rboomesf2@diigo.com,Bigender,China
Andra,Heinsen,aheinsenf3@cisco.com,Polygender,China
Siffre,Tzuker,stzukerf4@aboutads.info,Male,Indonesia
Saundra,Uvedale,suvedalef5@feedburner.com,Polygender,Central African Republic
Pierre,Garrood,pgarroodf6@vkontakte.ru,Genderqueer,Indonesia
Denney,Dillway,ddillwayf7@fda.gov,Genderfluid,China
Zelig,Bellard,zbellardf8@comsenz.com,Female,Macedonia
Liva,Malek,lmalekf9@nhs.uk,Agender,China
Jannel,Tow,jtowfa@gnu.org,Non-binary,Finland
Juliette,Krale,jkralefb@squidoo.com,Genderqueer,China
Bernie,Blakeman,bblakemanfc@hc360.com,Male,Russia
Steffie,Atcheson,satchesonfd@npr.org,Female,Argentina
Sutherland,Cron,scronfe@dmoz.org,Genderfluid,Brazil
Demetria,Gallafant,dgallafantff@slideshare.net,Male,Poland
Ronny,Dederich,rdederichfg@merriam-webster.com,Genderqueer,China
Dorelle,Ralls,drallsfh@zimbio.com,Polygender,Argentina
Leesa,Stickel,lstickelfi@accuweather.com,Agender,Philippines
Cate,Gouldeby,cgouldebyfj@imdb.com,Genderqueer,Afghanistan
Berkly,Huzzey,bhuzzeyfk@mlb.com,Agender,Brazil
Austin,Griffey,agriffeyfl@technorati.com,Genderqueer,Chile
Hastie,Cremin,hcreminfm@google.co.jp,Female,Venezuela
Lorenzo,Bayldon,lbayldonfn@vistaprint.com,Non-binary,France
Burlie,Nulty,bnultyfo@jimdo.com,Polygender,China
Mariele,Godwyn,mgodwynfp@odnoklassniki.ru,Female,Sweden
Frans,oldey,foldeyfq@storify.com,Genderqueer,Canada
Keefer,Dismore,kdismorefr@state.tx.us,Genderqueer,Indonesia
Mariquilla,Walak,mwalakfs@facebook.com,Bigender,Mauritius
Trip,M'Chirrie,tmchirrieft@tripadvisor.com,Genderfluid,Russia
Ryan,Bowmaker,rbowmakerfu@home.pl,Agender,China
Lukas,Consterdine,lconsterdinefv@nymag.com,Genderqueer,Azerbaijan
Selene,Mattiussi,smattiussifw@elpais.com,Non-binary,Philippines
Della,Kobierzycki,dkobierzyckifx@examiner.com,Female,Mexico
Pierson,Gowen,pgowenfy@marriott.com,Polygender,Poland
Moishe,Poulton,mpoultonfz@ft.com,Bigender,Indonesia
Emily,Lount,elountg0@theglobeandmail.com,Male,Nigeria
Becky,Rame,brameg1@cafepress.com,Polygender,Poland
Minnie,Shanklin,mshankling2@nsw.gov.au,Genderfluid,Armenia
Leena,Sheaf,lsheafg3@furl.net,Polygender,Serbia
Marco,Stoffels,mstoffelsg4@hibu.com,Polygender,Greece
Leelah,Gueinn,lgueinng5@topsy.com,Genderfluid,New Zealand
Paton,Luchelli,pluchellig6@walmart.com,Bigender,Nigeria
Bibby,Lope,blopeg7@squidoo.com,Female,China
Vonny,Franceschi,vfranceschig8@cbslocal.com,Bigender,Japan
Lon,Hunter,lhunterg9@goo.gl,Genderqueer,Argentina
Audi,Litt,alittga@posterous.com,Male,China
Conrado,Wilshaw,cwilshawgb@cpanel.net,Polygender,Russia
Serena,Bette,sbettegc@livejournal.com,Genderqueer,Canada
Emmeline,Boni,ebonigd@cmu.edu,Polygender,Colombia
Manda,Jerram,mjerramge@blogs.com,Genderqueer,China
Fonz,Craigie,fcraigiegf@chicagotribune.com,Bigender,Macedonia
Erin,Lillico,elillicogg@soundcloud.com,Male,Mexico
Hube,Potebury,hpoteburygh@twitpic.com,Polygender,Philippines
Vachel,Ortas,vortasgi@odnoklassniki.ru,Bigender,Brazil
Myca,Jurgen,mjurgengj@privacy.gov.au,Genderqueer,Portugal
Waverley,Huggard,whuggardgk@baidu.com,Bigender,France
Thomasin,Deeny,tdeenygl@yandex.ru,Genderfluid,China
Norri,Clemes,nclemesgm@buzzfeed.com,Genderqueer,Peru
Conchita,Sima,csimagn@auda.org.au,Female,China
Ingmar,Sambell,isambellgo@xing.com,Polygender,Japan
Vernice,Grissett,vgrissettgp@wikipedia.org,Female,Brazil
Ede,Hatfield,ehatfieldgq@about.me,Non-binary,Peru
Bartolomeo,Rubertelli,brubertelligr@state.tx.us,Female,China
Prescott,Couroy,pcouroygs@twitter.com,Genderfluid,Philippines
Bruno,Spry,bsprygt@php.net,Bigender,Venezuela
Joete,Tott,jtottgu@is.gd,Genderfluid,Indonesia
Marion,Mosedill,mmosedillgv@nifty.com,Polygender,France
Kingston,Brislane,kbrislanegw@sfgate.com,Polygender,Democratic Republic of the Congo
Erny,Moxson,emoxsongx@chicagotribune.com,Polygender,Russia
Bartie,Honack,bhonackgy@businessweek.com,Bigender,New Caledonia
Eduard,Hatfull,ehatfullgz@ox.ac.uk,Polygender,Indonesia
Lily,Rodd,lroddh0@bbc.co.uk,Male,Philippines
Conney,Bennedick,cbennedickh1@newyorker.com,Bigender,China
Raimondo,Woodvine,rwoodvineh2@jiathis.com,Female,Uganda
Pembroke,Littrell,plittrellh3@msu.edu,Genderqueer,United States
Frazier,Crighten,fcrightenh4@newsvine.com,Male,Peru
Lyn,McWhin,lmcwhinh5@epa.gov,Non-binary,China
Maxie,Maybery,mmayberyh6@facebook.com,Polygender,Indonesia
Berton,Abella,babellah7@ucoz.ru,Polygender,Indonesia
Phaedra,Gueste,pguesteh8@apache.org,Genderfluid,China
Marney,Rau,mrauh9@ted.com,Agender,Russia
Jeno,Studdal,jstuddalha@gravatar.com,Genderfluid,Jordan
Gram,Brach,gbrachhb@infoseek.co.jp,Non-binary,Indonesia
Cece,Summerell,csummerellhc@state.gov,Genderfluid,Cuba
Amalie,Lias,aliashd@oakley.com,Genderfluid,China
Enriqueta,Guillford,eguillfordhe@umn.edu,Polygender,France
Ramona,MacDonough,rmacdonoughhf@foxnews.com,Non-binary,Portugal
Augusta,Cubbinelli,acubbinellihg@tinypic.com,Polygender,France
Elsinore,Purry,epurryhh@slashdot.org,Genderfluid,United States
Jard,Daventry,jdaventryhi@e-recht24.de,Female,Kenya
Borg,Fenimore,bfenimorehj@tuttocitta.it,Bigender,Russia
Dale,Hughlock,dhughlockhk@privacy.gov.au,Male,China
Gusta,De Bruyn,gdebruynhl@independent.co.uk,Bigender,Colombia
Blanche,Ellicock,bellicockhm@hc360.com,Agender,United States
Ibby,Legate,ilegatehn@weather.com,Non-binary,Russia
Mattheus,Chazette,mchazetteho@redcross.org,Genderfluid,Brazil
Taddeusz,Tertre,ttertrehp@stumbleupon.com,Female,Indonesia
Sigismund,Strang,sstranghq@google.fr,Non-binary,Malaysia
Berry,Bowgen,bbowgenhr@vinaora.com,Female,Russia
Glyn,Vince,gvincehs@yale.edu,Non-binary,Philippines
Rhona,Waple,rwapleht@indiegogo.com,Non-binary,China
Rabbi,Hatherall,rhatherallhu@homestead.com,Genderfluid,Lebanon
Merline,Westmacott,mwestmacotthv@mozilla.com,Polygender,Indonesia
Morena,Marchelli,mmarchellihw@youku.com,Female,Thailand
Raina,Proswell,rproswellhx@google.ca,Genderfluid,Serbia
Lorilyn,Brookton,lbrooktonhy@ted.com,Bigender,Russia
Karola,Figgins,kfigginshz@scientificamerican.com,Agender,Philippines
Guinevere,Courtin,gcourtini0@odnoklassniki.ru,Genderqueer,Brazil
Rori,Raddan,rraddani1@qq.com,Non-binary,Sweden
West,Portam,wportami2@independent.co.uk,Agender,Philippines
Elnore,Tebbut,etebbuti3@sohu.com,Bigender,China
Meredith,Seabrocke,mseabrockei4@forbes.com,Agender,Serbia
Sly,Osmint,sosminti5@cocolog-nifty.com,Bigender,Japan
Ximenez,Dealtry,xdealtryi6@auda.org.au,Genderfluid,France
Sunshine,Kroin,skroini7@trellian.com,Agender,Croatia
Sarena,Linturn,slinturni8@buzzfeed.com,Genderfluid,Mexico
Loree,Lepoidevin,llepoidevini9@seesaa.net,Genderqueer,Japan
Angus,Cromly,acromlyia@liveinternet.ru,Polygender,Canada
Paula,Seedman,pseedmanib@sciencedirect.com,Male,Indonesia
Stephie,Abdee,sabdeeic@google.com.hk,Female,Russia
Delly,Lovemore,dlovemoreid@ted.com,Bigender,Vietnam
Griff,Favill,gfavillie@newyorker.com,Polygender,Venezuela
Doralynn,Kenwin,dkenwinif@mlb.com,Non-binary,Somalia
Frasier,Rivett,frivettig@redcross.org,Bigender,Philippines
Duke,Hanigan,dhaniganih@delicious.com,Non-binary,Costa Rica
Yorgos,Pentlow,ypentlowii@adobe.com,Non-binary,Vietnam
Sula,Whyler,swhylerij@imageshack.us,Bigender,Indonesia
Anetta,Cowles,acowlesik@kickstarter.com,Genderqueer,Sweden
Laure,Easun,leasunil@bandcamp.com,Genderqueer,China
Dwain,Mandeville,dmandevilleim@uiuc.edu,Polygender,Yemen
Merrilee,Severs,mseversin@fastcompany.com,Polygender,Mongolia
Geordie,Kobpac,gkobpacio@vimeo.com,Genderfluid,China
Martica,Roscoe,mroscoeip@csmonitor.com,Bigender,Ukraine
Dorise,Trayhorn,dtrayhorniq@disqus.com,Female,Russia
Stillmann,Seale,ssealeir@microsoft.com,Genderfluid,Greece
Aili,McAlroy,amcalroyis@nih.gov,Bigender,China
Berti,Fortnon,bfortnonit@sohu.com,Genderqueer,China
Quinn,Rusted,qrustediu@amazon.de,Female,Peru
Northrup,Moynham,nmoynhamiv@fc2.com,Male,Kyrgyzstan
Meredith,Bosma,mbosmaiw@technorati.com,Female,China
Nicolai,Landon,nlandonix@nba.com,Non-binary,Russia
Carly,MacGray,cmacgrayiy@ovh.net,Polygender,Brazil
Angeli,Hulburt,ahulburtiz@fotki.com,Genderqueer,Portugal
Elia,Twittey,etwitteyj0@shop-pro.jp,Genderfluid,China
Laurie,Smallsman,lsmallsmanj1@dailymail.co.uk,Genderfluid,Liberia
Orel,Sanford,osanfordj2@china.com.cn,Male,China
Monte,Mallaby,mmallabyj3@archive.org,Agender,France
Zorah,Bootyman,zbootymanj4@seattletimes.com,Male,Brazil
Cissy,Loyns,cloynsj5@google.com.hk,Agender,China
Udell,Gummery,ugummeryj6@printfriendly.com,Male,Burundi
Genia,Tutton,gtuttonj7@nps.gov,Genderfluid,Croatia
Cathryn,Corcut,ccorcutj8@nps.gov,Agender,Brazil
Merry,Standish-Brooks,mstandishbrooksj9@wunderground.com,Genderfluid,France
Aloin,Stonnell,astonnellja@abc.net.au,Non-binary,Japan
Reena,Casper,rcasperjb@seesaa.net,Genderfluid,Portugal
Adrea,Bertomeu,abertomeujc@blog.com,Male,Greece
Barri,Smitheram,bsmitheramjd@jimdo.com,Agender,Malaysia
Johannah,Humbatch,jhumbatchje@etsy.com,Genderqueer,Indonesia
Ulick,Terney,uterneyjf@tmall.com,Agender,Panama
Jilleen,Brawson,jbrawsonjg@alibaba.com,Female,Japan
Chery,Davidoff,cdavidoffjh@vimeo.com,Agender,Trinidad and Tobago
Rogerio,Oakenford,roakenfordji@zdnet.com,Non-binary,France
Allyn,Jonuzi,ajonuzijj@phpbb.com,Female,Indonesia
Lola,St. Ledger,lstledgerjk@taobao.com,Male,United States
Viviyan,Ousley,vousleyjl@arstechnica.com,Polygender,China
Masha,Basilotta,mbasilottajm@amazon.com,Genderfluid,Czech Republic
Ciro,Hopewell,chopewelljn@drupal.org,Genderqueer,France
Emogene,Charsley,echarsleyjo@howstuffworks.com,Polygender,Russia
Gilemette,O'Shesnan,goshesnanjp@artisteer.com,Male,Laos
Clarita,Cristofalo,ccristofalojq@go.com,Non-binary,Azerbaijan
Etty,Milius,emiliusjr@paginegialle.it,Genderqueer,Venezuela
Rivkah,Pavyer,rpavyerjs@a8.net,Polygender,Portugal
Pierce,McKintosh,pmckintoshjt@hao123.com,Male,Brazil
Lion,Wheelan,lwheelanju@nationalgeographic.com,Genderfluid,Tunisia
Dewitt,Grog,dgrogjv@squidoo.com,Bigender,Brazil
Enos,Darlow,edarlowjw@nytimes.com,Non-binary,Philippines
Gert,Deboy,gdeboyjx@sun.com,Female,Bosnia and Herzegovina
Amata,Kornilov,akornilovjy@simplemachines.org,Non-binary,Philippines
Melli,Loweth,mlowethjz@patch.com,Genderfluid,Colombia
Catina,Copp,ccoppk0@cbc.ca,Male,China
Tammi,Bissatt,tbissattk1@sfgate.com,Genderqueer,Poland
Gaby,Catterson,gcattersonk2@cdbaby.com,Female,China
Cortney,Stanlike,cstanlikek3@bigcartel.com,Polygender,China
Florance,Gregol,fgregolk4@hugedomains.com,Genderqueer,Sweden
Lilyan,McRoberts,lmcrobertsk5@lulu.com,Non-binary,Russia
Ernaline,Arnell,earnellk6@cnbc.com,Male,Albania
Antone,Minett,aminettk7@psu.edu,Polygender,United Kingdom
Hilly,Kuhnwald,hkuhnwaldk8@123-reg.co.uk,Genderfluid,Brazil
Merry,Wogdon,mwogdonk9@godaddy.com,Bigender,Philippines
Gretal,Lefridge,glefridgeka@com.com,Female,Poland
Wells,McCarrick,wmccarrickkb@slashdot.org,Genderqueer,Sweden
Bidget,Ride,bridekc@pinterest.com,Bigender,China
Putnam,Dumbrill,pdumbrillkd@tamu.edu,Non-binary,Mexico
Mina,Andrez,mandrezke@barnesandnoble.com,Male,Ukraine
Rebecka,Goodwill,rgoodwillkf@t-online.de,Non-binary,Brazil
Dore,Healing,dhealingkg@yahoo.co.jp,Bigender,Iran
Mordecai,De Gowe,mdegowekh@dyndns.org,Polygender,Indonesia
Chip,Bazelle,cbazelleki@prweb.com,Genderqueer,Yemen
Rose,Size,rsizekj@phpbb.com,Bigender,China
Sherie,Fanshaw,sfanshawkk@sitemeter.com,Non-binary,Brazil
Livvyy,Brice,lbricekl@yellowpages.com,Male,Czech Republic
Hana,Episcopi,hepiscopikm@independent.co.uk,Non-binary,Indonesia
Julia,Hadye,jhadyekn@comcast.net,Non-binary,China
Roxine,Bowdler,rbowdlerko@meetup.com,Male,Pakistan
Thurstan,Hargroves,thargroveskp@i2i.jp,Polygender,Dominican Republic
Rosina,Esberger,resbergerkq@nifty.com,Genderqueer,Somalia
Kyla,Brocklesby,kbrocklesbykr@wordpress.com,Non-binary,Morocco
Clarita,Petley,cpetleyks@wix.com,Female,Colombia
Lindsay,Airy,lairykt@usa.gov,Non-binary,Argentina
Elden,MacLaren,emaclarenku@free.fr,Non-binary,Philippines
Misty,Lamplugh,mlamplughkv@1und1.de,Polygender,China
Mauricio,Neeves,mneeveskw@mozilla.com,Non-binary,Brazil
Daniele,Gallone,dgallonekx@nasa.gov,Genderqueer,Croatia
Demetria,Dyzart,ddyzartky@aboutads.info,Male,China
Chaddy,Lunam,clunamkz@livejournal.com,Genderqueer,South Africa
Fowler,Anyon,fanyonl0@tumblr.com,Polygender,China
Emmalynn,Pestell,epestelll1@nbcnews.com,Genderqueer,China
Amalle,Carey,acareyl2@spiegel.de,Genderfluid,Indonesia
Colin,Bleazard,cbleazardl3@yandex.ru,Non-binary,China
Ruthy,Batho,rbathol4@omniture.com,Non-binary,Indonesia
Goober,Whate,gwhatel5@paypal.com,Male,China
Loralyn,Poynor,lpoynorl6@yandex.ru,Polygender,Serbia
Benyamin,Saylor,bsaylorl7@blogspot.com,Non-binary,South Africa
Christean,Elstob,celstobl8@altervista.org,Agender,China
Teressa,Goodsell,tgoodselll9@t.co,Polygender,South Africa
Dix,Villa,dvillala@state.gov,Male,Serbia
Kore,Piniur,kpiniurlb@webnode.com,Non-binary,Indonesia
Darsey,Lambshine,dlambshinelc@independent.co.uk,Agender,Argentina
Cele,Tubbs,ctubbsld@naver.com,Non-binary,Russia
Sheppard,Traher,straherle@tiny.cc,Non-binary,Indonesia
Nanny,Colleck,ncollecklf@dedecms.com,Bigender,Poland
Theo,Jenkins,tjenkinslg@ihg.com,Genderqueer,Czech Republic
Wain,Neads,wneadslh@merriam-webster.com,Bigender,Albania
Nat,Salman,nsalmanli@miitbeian.gov.cn,Polygender,South Africa
Orsola,Lenham,olenhamlj@soundcloud.com,Genderfluid,Philippines
Bili,Streather,bstreatherlk@netscape.com,Male,Greece
Christean,Woofinden,cwoofindenll@privacy.gov.au,Polygender,Japan
Rhoda,Bartholat,rbartholatlm@state.gov,Genderfluid,China
Carolin,Creech,ccreechln@tamu.edu,Agender,Sweden
Lambert,Jaulme,ljaulmelo@domainmarket.com,Genderfluid,Indonesia
Danni,Coppen,dcoppenlp@wikia.com,Male,Turkmenistan
Mark,Tubbs,mtubbslq@quantcast.com,Bigender,Serbia
Fanni,Bigland,fbiglandlr@soundcloud.com,Genderfluid,Philippines
Hillary,Dougliss,hdouglissls@51.la,Bigender,Madagascar
Sileas,Angel,sangellt@google.com.br,Genderfluid,Sweden
Lauryn,Selwin,lselwinlu@java.com,Genderqueer,Cyprus
Galvin,Bethell,gbethelllv@yellowbook.com,Genderqueer,Philippines
Honor,Bispham,hbisphamlw@jigsy.com,Male,Ukraine
Arnaldo,Ohlsen,aohlsenlx@i2i.jp,Male,Philippines
Marni,Rapsey,mrapseyly@harvard.edu,Male,United States
Hertha,Tyas,htyaslz@house.gov,Female,Poland
Sibel,Flanigan,sflaniganm0@symantec.com,Polygender,China
Thane,Shapcott,tshapcottm1@purevolume.com,Male,Russia
Gladys,Bonfield,gbonfieldm2@europa.eu,Genderfluid,China
Timmy,Critchley,tcritchleym3@state.gov,Genderfluid,Serbia
Karena,McNabb,kmcnabbm4@i2i.jp,Bigender,Indonesia
Smitty,Tunnicliffe,stunnicliffem5@odnoklassniki.ru,Agender,Tanzania
Robyn,Rudge,rrudgem6@shinystat.com,Polygender,France
Godfrey,Commusso,gcommussom7@smh.com.au,Polygender,China
Marlane,Jerome,mjeromem8@prlog.org,Non-binary,Indonesia
Jaime,Ambrus,jambrusm9@usatoday.com,Genderfluid,China
Bobbe,Summons,bsummonsma@deliciousdays.com,Female,China
Bellina,Goodlad,bgoodladmb@harvard.edu,Bigender,Indonesia
Tate,Brendeke,tbrendekemc@whitehouse.gov,Female,Indonesia
Tamara,Lamb,tlambmd@ustream.tv,Male,Greece
Beale,Dominka,bdominkame@unesco.org,Bigender,Iran
Darbie,Dowley,ddowleymf@g.co,Non-binary,Niger
Berkie,Poundford,bpoundfordmg@diigo.com,Genderfluid,Kenya
Briny,Rantoull,brantoullmh@deviantart.com,Genderqueer,China
Sula,Twitchings,stwitchingsmi@time.com,Polygender,Peru
Caroljean,Ferreira,cferreiramj@salon.com,Genderqueer,Burkina Faso
Tammara,Becerro,tbecerromk@edublogs.org,Female,Mexico
Portia,Chanders,pchandersml@tuttocitta.it,Agender,Indonesia
Kimberlee,Ryam,kryammm@omniture.com,Non-binary,Serbia
Nikaniki,Petruszka,npetruszkamn@ftc.gov,Genderfluid,Togo
Farly,Showt,fshowtmo@baidu.com,Agender,Nigeria
Drud,Mussard,dmussardmp@google.de,Male,Greece
Miguela,Climar,mclimarmq@hugedomains.com,Genderfluid,Ethiopia
Jessika,Wilkerson,jwilkersonmr@yelp.com,Non-binary,France
Leslie,Mc-Kerley,lmckerleyms@linkedin.com,Male,Colombia
Hugo,Philpott,hphilpottmt@baidu.com,Polygender,Brazil
Gayla,Roofe,groofemu@auda.org.au,Polygender,Russia
Celisse,Yetman,cyetmanmv@alibaba.com,Non-binary,Guatemala
Aaren,Bysaker,abysakermw@biblegateway.com,Agender,Australia
Jordan,Hedon,jhedonmx@statcounter.com,Non-binary,Indonesia
Mellicent,Reddel,mreddelmy@cyberchimps.com,Polygender,Poland
Ximenes,Pickthorne,xpickthornemz@arstechnica.com,Male,Portugal
Alvina,Onians,aoniansn0@discuz.net,Agender,Syria
Candy,Priddie,cpriddien1@shop-pro.jp,Polygender,China
Shanda,Selwin,sselwinn2@wufoo.com,Polygender,Philippines
Deana,Ramalho,dramalhon3@yolasite.com,Female,China
Daven,Camps,dcampsn4@tinyurl.com,Male,Mexico
Alphonso,Armor,aarmorn5@dell.com,Non-binary,Indonesia
Alyssa,Battye,abattyen6@t.co,Genderfluid,Czech Republic
Eddie,Derdes,ederdesn7@netvibes.com,Polygender,New Caledonia
Dallas,Beaten,dbeatenn8@techcrunch.com,Female,Indonesia
Yasmeen,Whitham,ywhithamn9@creativecommons.org,Female,France
Jenny,Ashe,jashena@cnn.com,Bigender,Japan
Gerianna,Ellerman,gellermannb@spiegel.de,Bigender,Poland
Jaclin,Von Brook,jvonbrooknc@51.la,Bigender,China
Mady,Delucia,mdeluciand@networksolutions.com,Polygender,New Zealand
Allegra,Sides,asidesne@webs.com,Genderqueer,Greenland
Dania,Senett,dsenettnf@wsj.com,Female,China
Corinna,Skerman,cskermanng@engadget.com,Female,Benin
Fallon,MacNeillie,fmacneillienh@soundcloud.com,Female,Albania
Mignon,Steinor,msteinorni@columbia.edu,Bigender,China
Goldia,Piccard,gpiccardnj@soup.io,Bigender,Poland
June,Jurgenson,jjurgensonnk@howstuffworks.com,Non-binary,Bulgaria
Jaquelyn,Marran,jmarrannl@gov.uk,Agender,Argentina
Rutledge,Farrier,rfarriernm@theatlantic.com,Genderfluid,Portugal
Rivkah,Vallintine,rvallintinenn@adobe.com,Genderqueer,Portugal
Vonnie,Piwell,vpiwellno@princeton.edu,Polygender,Philippines
Silvie,Helks,shelksnp@delicious.com,Male,Estonia
Belle,Leyes,bleyesnq@issuu.com,Genderfluid,Indonesia
Marena,Brilleman,mbrillemannr@people.com.cn,Female,China
Marcelline,Over,moverns@deliciousdays.com,Bigender,Indonesia
Alejoa,Fawdrie,afawdrient@deliciousdays.com,Polygender,Japan
Egbert,Mahood,emahoodnu@ovh.net,Agender,Portugal
Merrie,Tinker,mtinkernv@delicious.com,Male,Russia
Carmella,Archbould,carchbouldnw@ft.com,Male,Indonesia
Kiley,Richley,krichleynx@e-recht24.de,Male,Philippines
Rebekah,Arran,rarranny@si.edu,Genderqueer,Ghana
Ethan,Ludvigsen,eludvigsennz@sakura.ne.jp,Polygender,Indonesia
Paulita,Neal,pnealo0@pen.io,Non-binary,Colombia
Antoinette,Blachford,ablachfordo1@census.gov,Genderqueer,Philippines
Tabbie,Krink,tkrinko2@oakley.com,Genderqueer,Brazil
Eran,Korn,ekorno3@gnu.org,Polygender,China
Melva,Doore,mdooreo4@prweb.com,Polygender,Iran
Pammie,Rowlings,prowlingso5@oaic.gov.au,Male,Ukraine
Sarge,Wink,swinko6@histats.com,Genderfluid,Bolivia
Pansie,Armes,parmeso7@unblog.fr,Female,Colombia
Garrott,Cortes,gcorteso8@123-reg.co.uk,Bigender,Indonesia
Anette,Sawood,asawoodo9@wsj.com,Genderfluid,Philippines
Eloise,Tyrone,etyroneoa@oaic.gov.au,Non-binary,Indonesia
Ruy,Bader,rbaderob@squidoo.com,Polygender,Greece
Thomasine,Mountney,tmountneyoc@ca.gov,Agender,Indonesia
Bryana,Cominetti,bcominettiod@oaic.gov.au,Female,Iran
Bryce,Hellmer,bhellmeroe@youtube.com,Male,Russia
Shae,Fenich,sfenichof@fotki.com,Genderfluid,Czech Republic
Myrna,Buckler,mbucklerog@ucoz.ru,Genderfluid,Netherlands
Rogerio,Gaylord,rgaylordoh@meetup.com,Genderfluid,Philippines
Abeu,Roch,arochoi@ocn.ne.jp,Genderfluid,Poland
Yettie,Hosten,yhostenoj@homestead.com,Genderfluid,Indonesia
Martguerita,Aaronsohn,maaronsohnok@google.ca,Genderqueer,China
Denney,Kivelhan,dkivelhanol@wiley.com,Bigender,China
Frankie,Chisholm,fchisholmom@umn.edu,Bigender,Cuba
Tessi,Hattrick,thattrickon@fc2.com,Bigender,United States
Joline,Reihm,jreihmoo@posterous.com,Non-binary,France
Katleen,Vannozzii,kvannozziiop@skype.com,Genderfluid,United States
Marigold,Lissandri,mlissandrioq@pen.io,Male,Netherlands
Kirstyn,Tucknutt,ktucknuttor@networksolutions.com,Bigender,Malawi
Madelene,Merle,mmerleos@unesco.org,Non-binary,Argentina
Al,Leask,aleaskot@taobao.com,Genderfluid,China
Kacy,Stodd,kstoddou@google.com,Male,Japan
Trevor,Purdy,tpurdyov@flavors.me,Genderqueer,Japan
Kinna,Pettisall,kpettisallow@t-online.de,Genderfluid,El Salvador
Findley,Gobel,fgobelox@china.com.cn,Polygender,China
Mose,Cannon,mcannonoy@archive.org,Genderqueer,Afghanistan
Melisenda,Shulver,mshulveroz@last.fm,Male,Poland
Bruno,Sizey,bsizeyp0@marketwatch.com,Male,Greece
Vanna,Hanburry,vhanburryp1@etsy.com,Bigender,Brazil
Serene,Blackden,sblackdenp2@harvard.edu,Genderfluid,Indonesia
Ebony,Brownsey,ebrownseyp3@mozilla.org,Genderfluid,China
Loy,Allawy,lallawyp4@cmu.edu,Male,Argentina
Melonie,Snowding,msnowdingp5@deliciousdays.com,Polygender,Armenia
Corbie,Compfort,ccompfortp6@nih.gov,Genderfluid,China
Fedora,Poxon,fpoxonp7@princeton.edu,Male,China
Olvan,Pedroli,opedrolip8@dmoz.org,Genderqueer,Poland
Harland,Candie,hcandiep9@moonfruit.com,Polygender,Greece
Bethena,Beadnell,bbeadnellpa@nba.com,Genderqueer,Dominican Republic
Dorey,Wogden,dwogdenpb@live.com,Non-binary,Indonesia
Eduardo,Kearton,ekeartonpc@hubpages.com,Polygender,Philippines
Raddy,Delacroix,rdelacroixpd@opera.com,Bigender,Sweden
Isaak,Chugg,ichuggpe@shinystat.com,Genderfluid,United States
Sherri,Mulchrone,smulchronepf@t-online.de,Non-binary,China
Brittani,Nuttey,bnutteypg@youku.com,Female,United States
Gwendolyn,Bedinn,gbedinnph@facebook.com,Bigender,Russia
Rowen,Burston,rburstonpi@squidoo.com,Polygender,Russia
Fern,Petegree,fpetegreepj@arizona.edu,Genderqueer,Mexico
Conrade,Ockleshaw,cockleshawpk@biglobe.ne.jp,Male,Azerbaijan
Calla,Amori,camoripl@godaddy.com,Genderfluid,China
Vivia,Sherston,vsherstonpm@flavors.me,Non-binary,Ethiopia
Hedvige,Wettern,hwetternpn@wikipedia.org,Non-binary,Poland
Martelle,Vallentin,mvallentinpo@github.com,Polygender,Myanmar
Jodee,Olney,jolneypp@wordpress.com,Male,France
Maddie,Hazell,mhazellpq@slashdot.org,Agender,United States
Cicily,Haily,chailypr@accuweather.com,Agender,Philippines
Dulcinea,Harome,dharomeps@flickr.com,Bigender,Czech Republic
Chrissie,Ferraro,cferraropt@4shared.com,Female,Venezuela
Camilla,Laughlan,claughlanpu@xinhuanet.com,Agender,Russia
Brennan,Capel,bcapelpv@liveinternet.ru,Agender,Mexico
Verne,Izakov,vizakovpw@msn.com,Genderfluid,Philippines
Bertine,Cayet,bcayetpx@amazonaws.com,Male,Brazil
Marillin,Lafferty,mlaffertypy@pbs.org,Male,China
Skippie,Danbury,sdanburypz@yahoo.co.jp,Male,South Korea
Alexandros,Oiseau,aoiseauq0@so-net.ne.jp,Male,China
Forbes,Germon,fgermonq1@sciencedaily.com,Bigender,Indonesia
Whitman,Blakely,wblakelyq2@dropbox.com,Polygender,Russia
Vere,Arrington,varringtonq3@naver.com,Male,Finland
Kissiah,Kolushev,kkolushevq4@nifty.com,Polygender,Ukraine
Amabel,Files,afilesq5@japanpost.jp,Male,Belize
Heddi,Wedgbrow,hwedgbrowq6@fc2.com,Genderfluid,Canada
Marcelle,Birtonshaw,mbirtonshawq7@about.me,Agender,Philippines
Lyndy,Winyard,lwinyardq8@sitemeter.com,Genderqueer,Pakistan
Nikkie,Perree,nperreeq9@chicagotribune.com,Polygender,China
Keane,Hobgen,khobgenqa@soundcloud.com,Male,United Kingdom
Gianna,Letcher,gletcherqb@etsy.com,Genderqueer,Sweden
Stavro,Brownstein,sbrownsteinqc@yahoo.co.jp,Polygender,China
Kiele,Pettifor,kpettiforqd@hugedomains.com,Genderfluid,Iran
Townie,Statersfield,tstatersfieldqe@admin.ch,Bigender,Portugal
Alanah,Karlolczak,akarlolczakqf@photobucket.com,Genderfluid,China
Neill,Spriggin,nsprigginqg@ezinearticles.com,Female,China
Abeu,Pickvance,apickvanceqh@google.es,Non-binary,Morocco
Bunni,Davley,bdavleyqi@twitpic.com,Male,United States
Faustine,Given,fgivenqj@amazon.co.uk,Genderfluid,Philippines
Stacy,Pfeffel,spfeffelqk@angelfire.com,Polygender,Brazil
Kata,Cortes,kcortesql@wunderground.com,Non-binary,Japan
Katine,Sea,kseaqm@wikispaces.com,Male,Czech Republic
Bonita,Crichten,bcrichtenqn@prlog.org,Non-binary,Thailand
Virge,Castello,vcastelloqo@google.de,Agender,Russia
Kerwin,McArthur,kmcarthurqp@economist.com,Genderqueer,Poland
Aguste,Sandle,asandleqq@typepad.com,Male,China
Aleen,Skellon,askellonqr@msu.edu,Genderqueer,Bahamas
Dud,Ford,dfordqs@facebook.com,Genderqueer,Afghanistan
Roddie,de Verson,rdeversonqt@xrea.com,Genderqueer,Nicaragua
Irvine,Huws,ihuwsqu@drupal.org,Bigender,China
Balduin,Boulding,bbouldingqv@homestead.com,Female,Sweden
Reggis,Bouch,rbouchqw@sbwire.com,Genderqueer,Sweden
Chrystal,Chislett,cchislettqx@i2i.jp,Female,Argentina
Nita,Devas,ndevasqy@networkadvertising.org,Female,Russia
Sutherland,Inglesent,singlesentqz@sphinn.com,Polygender,Portugal
Robinette,Jepperson,rjeppersonr0@printfriendly.com,Non-binary,Colombia
Gwendolin,MacNaughton,gmacnaughtonr1@bing.com,Genderqueer,China
Laurie,Mishaw,lmishawr2@apache.org,Genderqueer,Philippines
Currey,Castelletto,ccastellettor3@jiathis.com,Bigender,Canada
Modesta,Asson,massonr4@icq.com,Non-binary,Democratic Republic of the Congo
Drugi,Crofthwaite,dcrofthwaiter5@house.gov,Female,Thailand
Alfonse,Willicott,awillicottr6@wikia.com,Agender,Thailand
Harri,Tunnoch,htunnochr7@theguardian.com,Female,China
Yelena,Bliven,yblivenr8@cnbc.com,Genderfluid,China
Tally,Ketteridge,tketteridger9@google.nl,Bigender,China
Lorilyn,Haughian,lhaughianra@illinois.edu,Genderfluid,Saint Lucia
Jobyna,Birtwisle,jbirtwislerb@topsy.com,Female,Sweden
Vidovic,Treker,vtrekerrc@pinterest.com,Genderfluid,Kazakhstan
Shurwood,Goddard,sgoddardrd@imdb.com,Bigender,Brazil
Siusan,MacCorkell,smaccorkellre@elpais.com,Bigender,Bosnia and Herzegovina
Tracy,Fishburn,tfishburnrf@parallels.com,Non-binary,China
Vern,Iorio,vioriorg@microsoft.com,Male,Russia
Quintin,McBayne,qmcbaynerh@hibu.com,Bigender,Spain
Alisun,Duffus,aduffusri@wordpress.com,Genderfluid,Russia
Kip,Sherlaw,ksherlawrj@kickstarter.com,Non-binary,Poland
Urbain,Meysham,umeyshamrk@cbslocal.com,Polygender,Italy
Patricio,Rubery,pruberyrl@prnewswire.com,Genderfluid,Thailand
Gabrila,Adnams,gadnamsrm@creativecommons.org,Female,Philippines
Bendite,Seely,bseelyrn@stanford.edu,Genderqueer,Burkina Faso
Nev,Lattimer,nlattimerro@weibo.com,Polygender,China
Jerry,Kinchin,jkinchinrp@google.de,Bigender,Portugal
Flossy,Dicte,fdicterq@pcworld.com,Polygender,Poland
Deane,Scemp,dscemprr@weibo.com,Genderfluid,France
