Peg,Brolechan,pbrolechan0@blogger.com,Non-binary,China,39
Timmy,Goneau,tgoneau1@geocities.com,Male,China,25
Rob,Lombard,rlombard2@lycos.com,Bigender,Greece,35
Monro,Chapple,mchapple3@pcworld.com,Agender,United States,26
Christiane,Saltmarshe,csaltmarshe4@narod.ru,Non-binary,Russia,66
Domenico,Wingrove,dwingrove5@prweb.com,Non-binary,Russia,30
Nikolos,Bockin,nbockin6@a8.net,Male,Peru,58
Link,Espinosa,lespinosa7@tripod.com,Agender,Venezuela,77
Burg,Petracek,bpetracek8@example.com,Genderfluid,China,38
Gwenette,Fenge,gfenge9@hc360.com,Non-binary,Russia,45
Anestassia,Mowday,amowdaya@umich.edu,Female,Indonesia,75
Merv,Burdus,mburdusb@whitehouse.gov,Male,Mali,41
Pennie,Hellyer,phellyerc@elpais.com,Agender,Croatia,67
Darb,Billson,dbillsond@artisteer.com,Agender,Russia,79
Genia,Brignell,gbrignelle@naver.com,Female,Brazil,73
Stacey,Dablin,sdablinf@wikia.com,Genderfluid,China,49
Lindsey,Purrington,lpurringtong@parallels.com,Non-binary,Armenia,21
Cher,Wilder,cwilderh@joomla.org,Genderqueer,Czech Republic,70
Spence,Birkenhead,sbirkenheadi@kickstarter.com,Male,Indonesia,59
Cherlyn,Allenby,callenbyj@naver.com,Female,Czech Republic,45
Somerset,Yeskov,syeskovk@weather.com,Agender,Brazil,76
Powell,Neillans,pneillansl@fema.gov,Genderfluid,Indonesia,54
Dennison,Adamovitz,dadamovitzm@moonfruit.com,Bigender,Indonesia,36
Elizabet,Depke,edepken@cyberchimps.com,Agender,Denmark,28
Reese,Vawton,rvawtono@slideshare.net,Female,Vietnam,26
Tuckie,Glasby,tglasbyp@latimes.com,Genderfluid,Indonesia,69
Kerk,Aylott,kaylottq@usgs.gov,Genderqueer,Indonesia,76
Dasha,Sheldon,dsheldonr@eepurl.com,Non-binary,Switzerland,67
Jandy,Plowell,jplowells@netlog.com,Male,Ukraine,49
Darelle,Petchey,dpetcheyt@wufoo.com,Non-binary,Russia,73
Malanie,Sidgwick,msidgwicku@earthlink.net,Non-binary,Argentina,36
Michaeline,Madrell,mmadrellv@wufoo.com,Polygender,Thailand,33
Maxie,Trythall,mtrythallw@archive.org,Non-binary,Kenya,66
Fina,Cradduck,fcradduckx@bandcamp.com,Female,Philippines,84
Gratiana,Hairesnape,ghairesnapey@cam.ac.uk,Non-binary,Indonesia,18
Stevie,Mickan,smickanz@paginegialle.it,Genderfluid,Russia,52
Viole,Scimone,vscimone10@oaic.gov.au,Genderfluid,Brazil,17
Orelle,Meardon,omeardon11@networkadvertising.org,Non-binary,Indonesia,52
Archibald,Blanking,ablanking12@canalblog.com,Female,France,46
Ira,Sherringham,isherringham13@webnode.com,Genderfluid,Portugal,32
Garvey,Laurand,glaurand14@soup.io,Agender,China,32
Kay,Reucastle,kreucastle15@51.la,Genderfluid,Tunisia,27
Brook,Kilduff,bkilduff16@etsy.com,Female,France,49
Torrence,Lyard,tlyard17@google.nl,Polygender,Portugal,35
Fulton,Challicombe,fchallicombe18@hao123.com,Genderfluid,Tanzania,53
Gibb,Cawthron,gcawthron19@elpais.com,Bigender,Indonesia,36
Michaella,Clemmens,mclemmens1a@sphinn.com,Bigender,Ecuador,52
Rupert,Bird,rbird1b@google.co.uk,Genderfluid,Poland,70
Elias,Crome,ecrome1c@addthis.com,Bigender,United States,23
Lauritz,Sackey,lsackey1d@nbcnews.com,Genderqueer,Yemen,42
Jackson,Schafer,jschafer1e@taobao.com,Female,China,72
Judah,Lente,jlente1f@hostgator.com,Polygender,Indonesia,61
May,Karolczyk,mkarolczyk1g@sourceforge.net,Male,Indonesia,73
Lowell,Bellam,lbellam1h@nyu.edu,Female,Indonesia,74
Shannan,Minget,sminget1i@sbwire.com,Non-binary,Portugal,16
Donny,D'Antonio,ddantonio1j@seesaa.net,Non-binary,China,58
Gavin,Dundendale,gdundendale1k@unblog.fr,Genderfluid,Sweden,56
Giordano,Ajsik,gajsik1l@apache.org,Polygender,China,34
Lindy,Stappard,lstappard1m@seesaa.net,Genderqueer,Uganda,42
Nye,Gavan,ngavan1n@theglobeandmail.com,Genderqueer,Nigeria,45
Pris,Haspineall,phaspineall1o@vk.com,Male,Ukraine,74
Daffi,Nozzolii,dnozzolii1p@goodreads.com,Genderqueer,Philippines,68
Laurence,Bottomley,lbottomley1q@dmoz.org,Bigender,Indonesia,41
Edi,O'Dulchonta,eodulchonta1r@mit.edu,Bigender,United States,24
Garik,Tyzack,gtyzack1s@spotify.com,Bigender,United States,30
Joannes,Deny,jdeny1t@google.com.br,Polygender,China,51
Cristie,Ghioni,cghioni1u@addtoany.com,Agender,China,31
Mortie,Hayton,mhayton1v@rakuten.co.jp,Female,China,79
Jaimie,Huggons,jhuggons1w@arizona.edu,Agender,Indonesia,60
Suzy,Cockell,scockell1x@dmoz.org,Bigender,China,51
Filbert,Adrain,fadrain1y@naver.com,Agender,China,17
Celene,Iohananof,ciohananof1z@privacy.gov.au,Non-binary,Portugal,52
Candice,Jossel,cjossel20@jugem.jp,Polygender,Vietnam,58
Josiah,Gaiger,jgaiger21@google.ca,Female,Indonesia,35
Woodrow,Lorent,wlorent22@elegantthemes.com,Genderqueer,Greece,40
Gerti,Sutton,gsutton23@netvibes.com,Agender,Libya,81
Fara,McCarroll,fmccarroll24@hibu.com,Agender,China,35
Esma,Parzizek,eparzizek25@google.co.uk,Polygender,Brazil,47
Wolfie,Cadle,wcadle26@joomla.org,Female,Philippines,16
Trula,Restall,trestall27@columbia.edu,Genderqueer,China,56
Meredithe,d' Eye,mdeye28@domainmarket.com,Agender,Yemen,73
Mamie,Francis,mfrancis29@ocn.ne.jp,Male,Panama,54
Joscelin,O'Hagirtie,johagirtie2a@hao123.com,Male,China,28
Martica,Leale,mleale2b@wikia.com,Bigender,United States,24
Laina,Tavernor,ltavernor2c@vimeo.com,Bigender,Nigeria,68
Felicio,Moline,fmoline2d@dyndns.org,Genderfluid,Brazil,53
Kass,Yakobowitz,kyakobowitz2e@wired.com,Non-binary,Sweden,58
Angele,Colkett,acolkett2f@fastcompany.com,Male,Nigeria,31
Amil,Haggidon,ahaggidon2g@cargocollective.com,Polygender,Indonesia,66
Daloris,Easun,deasun2h@alibaba.com,Female,China,43
Sarah,Skrine,sskrine2i@printfriendly.com,Male,Poland,75
Claudell,Armitage,carmitage2j@imdb.com,Genderfluid,Thailand,42
Ransell,Millthorpe,rmillthorpe2k@phoca.cz,Male,Canada,49
Selma,Bockler,sbockler2l@nbcnews.com,Genderqueer,Ukraine,51
Barrett,Blackhall,bblackhall2m@unc.edu,Agender,Indonesia,20
Barnaby,Le Guin,bleguin2n@photobucket.com,Male,Guatemala,77
Jenna,Russen,jrussen2o@apache.org,Non-binary,Yemen,57
Holt,Giller,hgiller2p@hibu.com,Polygender,Portugal,85
Lela,Geerling,lgeerling2q@nhs.uk,Male,China,54
Maudie,Goodship,mgoodship2r@telegraph.co.uk,Genderfluid,Poland,55
Vin,Curnow,vcurnow2s@gmpg.org,Agender,Ukraine,42
Jolie,Esgate,jesgate2t@homestead.com,Polygender,Serbia,85
Bancroft,Iacopetti,biacopetti2u@php.net,Genderqueer,Mongolia,78
Lorain,Cranmer,lcranmer2v@homestead.com,Agender,Russia,74
Holmes,Derges,hderges2w@simplemachines.org,Bigender,Germany,82
Merilyn,Walcar,mwalcar2x@gravatar.com,Male,China,54
Randall,McWard,rmcward2y@storify.com,Non-binary,Tanzania,71
Celinka,Jeffress,cjeffress2z@army.mil,Genderfluid,Slovenia,47
Micki,Jerzyk,mjerzyk30@edublogs.org,Agender,China,40
Neall,Videan,nvidean31@about.com,Genderqueer,China,44
Giselle,Cornewell,gcornewell32@icq.com,Non-binary,Japan,27
Rob,Graith,rgraith33@msn.com,Genderqueer,France,33
Mirna,Maleney,mmaleney34@simplemachines.org,Polygender,Paraguay,21
Mae,Rendle,mrendle35@sogou.com,Bigender,Brazil,28
Isadora,Mannie,imannie36@dagondesign.com,Bigender,Indonesia,26
Isaac,Selvey,iselvey37@unicef.org,Polygender,France,70
Stillmann,Scurrey,sscurrey38@skype.com,Non-binary,Indonesia,65
Cindra,Vannah,cvannah39@xing.com,Non-binary,Philippines,49
Sabra,Greenhaugh,sgreenhaugh3a@earthlink.net,Polygender,Mauritius,20
Giacobo,Delnevo,gdelnevo3b@purevolume.com,Agender,Philippines,21
Debee,Cato,dcato3c@soup.io,Male,Bolivia,33
Marijo,Angrick,mangrick3d@indiegogo.com,Agender,Brazil,43
Roosevelt,Comar,rcomar3e@chron.com,Polygender,China,54
Cameron,Lief,clief3f@yellowbook.com,Male,Indonesia,64
Blondell,Bartul,bbartul3g@ftc.gov,Bigender,Portugal,70
Demetris,Dillamore,ddillamore3h@nih.gov,Female,Jordan,74
Marc,Klimmek,mklimmek3i@miitbeian.gov.cn,Non-binary,Ecuador,49
Kacy,Rhoades,krhoades3j@sun.com,Agender,China,67
Lezlie,Verriour,lverriour3k@gov.uk,Bigender,Greece,45
Dottie,Bywater,dbywater3l@youtu.be,Bigender,Colombia,74
Johnny,Bellis,jbellis3m@opensource.org,Female,Portugal,54
Germayne,Ephgrave,gephgrave3n@trellian.com,Polygender,Serbia,66
Violetta,Dyne,vdyne3o@soundcloud.com,Genderqueer,Latvia,74
Colan,Charkham,ccharkham3p@pcworld.com,Genderqueer,China,24
Jard,Bandiera,jbandiera3q@hp.com,Bigender,Indonesia,21
Amitie,Darrigoe,adarrigoe3r@sun.com,Genderqueer,Luxembourg,31
Eyde,Errichiello,eerrichiello3s@cnn.com,Non-binary,Poland,17
Erda,Balfre,ebalfre3t@cnet.com,Polygender,Niger,60
Pegeen,Couronne,pcouronne3u@globo.com,Female,Ireland,65
Philomena,Spellacey,pspellacey3v@cnn.com,Female,France,34
Cly,Willden,cwillden3w@baidu.com,Polygender,Panama,24
Jodie,Dishman,jdishman3x@ustream.tv,Genderfluid,Argentina,76
Nathanael,Moncaster,nmoncaster3y@berkeley.edu,Genderqueer,Tajikistan,21
Ardine,Seer,aseer3z@feedburner.com,Genderqueer,China,39
Hartley,Barta,hbarta40@google.it,Male,Azerbaijan,68
Christan,Toynbee,ctoynbee41@state.gov,Male,China,52
Janos,Wyant,jwyant42@army.mil,Polygender,Moldova,73
Oswald,Belt,obelt43@msu.edu,Male,Brazil,33
Christine,Iacapucci,ciacapucci44@auda.org.au,Genderqueer,Indonesia,77
Giovanna,Butterfill,gbutterfill45@earthlink.net,Male,Thailand,20
Alikee,Picheford,apicheford46@vinaora.com,Genderfluid,Cuba,16
Devlen,Caveney,dcaveney47@plala.or.jp,Genderqueer,Yemen,70
Rosemary,Ventris,rventris48@engadget.com,Agender,Bolivia,71
Minda,Blackader,mblackader49@free.fr,Non-binary,Indonesia,43
Hermia,Sheerin,hsheerin4a@latimes.com,Genderqueer,Chile,30
Falkner,Hannan,fhannan4b@mapquest.com,Polygender,Colombia,45
Grata,Ryam,gryam4c@stumbleupon.com,Agender,Portugal,64
Ericha,Duplan,eduplan4d@google.com.au,Non-binary,Poland,54
Emlyn,Shasnan,eshasnan4e@prlog.org,Non-binary,Colombia,51
Florry,Brisard,fbrisard4f@moonfruit.com,Agender,Portugal,83
Tresa,Raiman,traiman4g@reddit.com,Bigender,Thailand,85
Adi,Hebbs,ahebbs4h@etsy.com,Genderfluid,Malta,62
Herminia,Harston,hharston4i@amazonaws.com,Genderqueer,Ukraine,40
Claretta,Muddiman,cmuddiman4j@dailymotion.com,Agender,France,28
Sheilakathryn,Latter,slatter4k@diigo.com,Polygender,Mongolia,34
Meagan,Korlat,mkorlat4l@google.ru,Polygender,Russia,25
Aindrea,Waite,awaite4m@un.org,Agender,Guadeloupe,73
Doy,Caras,dcaras4n@ifeng.com,Male,Malaysia,45
Micaela,Curnnokk,mcurnnokk4o@independent.co.uk,Female,Poland,24
Wolf,Jans,wjans4p@apache.org,Non-binary,China,40
Alyse,Teideman,ateideman4q@biblegateway.com,Bigender,China,43
Renard,Normanvell,rnormanvell4r@epa.gov,Non-binary,Indonesia,52
Jessey,Karpman,jkarpman4s@phoca.cz,Female,Pakistan,19
Darrel,Spriddle,dspriddle4t@elegantthemes.com,Polygender,United States,51
Goldie,Merrikin,gmerrikin4u@friendfeed.com,Male,Russia,51
Alphard,McGarrie,amcgarrie4v@rakuten.co.jp,Female,Vietnam,60
Gardie,Alford,galford4w@youtu.be,Female,Greece,43
Lea,Oakwood,loakwood4x@geocities.com,Male,Philippines,57
Edouard,Flippini,eflippini4y@wordpress.org,Bigender,Philippines,27
Justen,Sargerson,jsargerson4z@google.de,Agender,Indonesia,63
Evvy,Bolland,ebolland50@youku.com,Genderqueer,Russia,17
Devonna,Dallimare,ddallimare51@ustream.tv,Non-binary,Vietnam,41
Francesco,Chugg,fchugg52@discuz.net,Bigender,China,23
Natassia,Morrow,nmorrow53@squarespace.com,Bigender,Sri Lanka,29
Mischa,Cran,mcran54@histats.com,Genderfluid,Tunisia,24
Manfred,Crab,mcrab55@4shared.com,Female,Portugal,22
Lona,Chanson,lchanson56@forbes.com,Polygender,Nigeria,60
Vergil,Skelington,vskelington57@mail.ru,Agender,China,64
Traci,Children,tchildren58@google.com.br,Polygender,Mexico,40
Toby,Hullett,thullett59@alexa.com,Bigender,Madagascar,29
Fara,Holyland,fholyland5a@marketwatch.com,Male,China,24
Carmelina,Ducarne,cducarne5b@chronoengine.com,Female,China,52
Deanna,Joyce,djoyce5c@quantcast.com,Male,Armenia,80
Anabal,Lindman,alindman5d@livejournal.com,Bigender,China,52
Josey,Garnham,jgarnham5e@dailymail.co.uk,Genderqueer,Philippines,26
Morena,Wafer,mwafer5f@gmpg.org,Genderqueer,Turkmenistan,82
Stormi,Belderson,sbelderson5g@icio.us,Polygender,Russia,43
Liz,Hurford,lhurford5h@arizona.edu,Genderqueer,France,47
Mallory,Damrell,mdamrell5i@123-reg.co.uk,Polygender,Greece,37
Elsbeth,Umbert,eumbert5j@a8.net,Female,China,44
Paul,MacCarter,pmaccarter5k@shutterfly.com,Genderfluid,Sweden,54
Shawnee,Nixon,snixon5l@soup.io,Bigender,Russia,58
Aldus,Kasman,akasman5m@who.int,Genderfluid,Denmark,31
Gwyn,Haggerston,ghaggerston5n@hubpages.com,Non-binary,Costa Rica,20
Astrid,Milkins,amilkins5o@wikipedia.org,Genderqueer,Greece,27
Cherilyn,Flahive,cflahive5p@amazon.com,Agender,Russia,48
Desiree,Jencey,djencey5q@oracle.com,Male,Russia,73
Christye,Chastenet,cchastenet5r@kickstarter.com,Agender,Colombia,15
Manya,Grishenkov,mgrishenkov5s@aboutads.info,Non-binary,China,85
Maurine,Weagener,mweagener5t@dropbox.com,Polygender,Morocco,48
Korney,Spraggon,kspraggon5u@china.com.cn,Non-binary,Netherlands,40
Verene,Wollaston,vwollaston5v@walmart.com,Bigender,Philippines,69
Smitty,Sarver,ssarver5w@npr.org,Non-binary,Iraq,21
Nixie,Steffens,nsteffens5x@creativecommons.org,Bigender,Canada,45
Jordana,Breslauer,jbreslauer5y@blinklist.com,Genderqueer,Portugal,35
Nettle,Riseborough,nriseborough5z@columbia.edu,Bigender,Croatia,46
Valry,Keave,vkeave60@odnoklassniki.ru,Non-binary,Malaysia,32
Anjanette,Bethell,abethell61@webmd.com,Polygender,Serbia,84
Caprice,Jiggins,cjiggins62@state.gov,Non-binary,China,33
Westbrook,Lyffe,wlyffe63@intel.com,Bigender,Honduras,56
Marney,Beirne,mbeirne64@dell.com,Non-binary,Indonesia,65
Andonis,Crock,acrock65@loc.gov,Genderfluid,Indonesia,22
Gilbertine,Gommowe,ggommowe66@ucsd.edu,Genderfluid,France,61
Elyn,Wooller,ewooller67@independent.co.uk,Genderfluid,Nicaragua,85
Bria,Camerello,bcamerello68@51.la,Agender,Brazil,18
Tomasina,Sisson,tsisson69@ebay.co.uk,Polygender,Mongolia,35
Ashia,Fenton,afenton6a@myspace.com,Genderqueer,Thailand,79
Gianna,Bonnefin,gbonnefin6b@tinypic.com,Polygender,Portugal,16
Teddy,Forber,tforber6c@chron.com,Genderqueer,Indonesia,19
Bran,Dimitresco,bdimitresco6d@unicef.org,Genderfluid,Serbia,65
Roseann,Campagne,rcampagne6e@accuweather.com,Genderfluid,Honduras,69
Nefen,Slowgrave,nslowgrave6f@yahoo.com,Bigender,France,16
Farrel,Isbell,fisbell6g@naver.com,Genderfluid,Philippines,18
Janela,Tompkiss,jtompkiss6h@desdev.cn,Genderqueer,Philippines,36
Emmye,Shout,eshout6i@abc.net.au,Male,Indonesia,73
Jasmina,Murie,jmurie6j@jugem.jp,Female,China,17
Conrado,Joreau,cjoreau6k@shinystat.com,Genderqueer,Slovenia,32
Heindrick,Cockram,hcockram6l@bloglovin.com,Non-binary,Armenia,15
Egbert,Blewmen,eblewmen6m@bigcartel.com,Polygender,Russia,64
Melina,Hallums,mhallums6n@reuters.com,Male,Brazil,67
Gib,Roakes,groakes6o@cbsnews.com,Genderfluid,Greece,57
Adaline,Dunkerly,adunkerly6p@ameblo.jp,Female,Greece,60
Tammy,Storre,tstorre6q@hao123.com,Non-binary,Philippines,65
Hilarius,Canty,hcanty6r@washingtonpost.com,Non-binary,Indonesia,73
Tito,Vuitte,tvuitte6s@deviantart.com,Female,Reunion,75
Bronny,Thackham,bthackham6t@scientificamerican.com,Genderqueer,Palestinian Territory,76
Inigo,Van Salzberger,ivansalzberger6u@unblog.fr,Female,Nigeria,63
Dotty,Reimer,dreimer6v@odnoklassniki.ru,Agender,Armenia,76
Alvie,Lindner,alindner6w@unesco.org,Non-binary,France,49
Lurette,Quickfall,lquickfall6x@smh.com.au,Female,China,75
Ned,Dufoure,ndufoure6y@unblog.fr,Bigender,Philippines,64
Andres,McBeath,amcbeath6z@addtoany.com,Bigender,Thailand,36
Noel,Scotchmur,nscotchmur70@surveymonkey.com,Agender,Luxembourg,19
Elwira,O'Kennedy,eokennedy71@bravesites.com,Female,Argentina,25
Loy,Beldom,lbeldom72@globo.com,Non-binary,China,46
Nicolai,Luby,nluby73@cnn.com,Female,Russia,71
Edy,MacShirrie,emacshirrie74@bloglines.com,Non-binary,Bosnia and Herzegovina,38
Barton,Bengtsen,bbengtsen75@gnu.org,Genderfluid,Palestinian Territory,56
Orel,Felce,ofelce76@miitbeian.gov.cn,Genderfluid,Russia,23
Jermaine,Miebes,jmiebes77@dot.gov,Male,Sudan,77
Rikki,Petraitis,rpetraitis78@dedecms.com,Female,Belarus,25
Tatiania,Gowen,tgowen79@github.io,Bigender,China,69
Monty,Silliman,msilliman7a@sourceforge.net,Agender,Egypt,57
Marne,Goulbourne,mgoulbourne7b@mysql.com,Genderfluid,Indonesia,40
Bellanca,Colleer,bcolleer7c@csmonitor.com,Male,Russia,35
Gerri,Clancy,gclancy7d@i2i.jp,Genderqueer,China,43
Elizabet,Simonds,esimonds7e@nps.gov,Female,Portugal,22
Galina,Couche,gcouche7f@t.co,Genderfluid,Iran,37
Iorgo,O'Toole,iotoole7g@google.com.au,Female,Sweden,67
Cameron,Vaan,cvaan7h@live.com,Polygender,France,49
Rheba,MacAlaster,rmacalaster7i@smh.com.au,Non-binary,France,76
Rebeca,Kelwick,rkelwick7j@clickbank.net,Genderfluid,Indonesia,26
Broderic,Hazell,bhazell7k@istockphoto.com,Agender,China,64
Tilly,O'Longain,tolongain7l@opensource.org,Female,Indonesia,63
Ariella,Sukbhans,asukbhans7m@hexun.com,Non-binary,Thailand,53
Debor,Franc,dfranc7n@sina.com.cn,Agender,Brazil,82
Wat,Flack,wflack7o@cbslocal.com,Male,Czech Republic,38
Vernice,ffrench Beytagh,vffrenchbeytagh7p@so-net.ne.jp,Male,Peru,54
Thorndike,Sutherns,tsutherns7q@jigsy.com,Genderqueer,Portugal,42
Sampson,Shale,sshale7r@mozilla.org,Agender,Brazil,29
Callean,Waghorn,cwaghorn7s@apple.com,Female,Syria,32
Patrice,Standen,pstanden7t@reverbnation.com,Genderfluid,Sri Lanka,79
Kalil,Cumbers,kcumbers7u@forbes.com,Non-binary,Thailand,77
Garrek,Dignum,gdignum7v@icq.com,Female,Bangladesh,29
Reube,China,rchina7w@unc.edu,Genderqueer,Portugal,49
Ninnetta,Nial,nnial7x@nyu.edu,Male,Colombia,30
Anette,Dudson,adudson7y@vk.com,Non-binary,Chad,83
Orion,Trusslove,otrusslove7z@ucoz.com,Female,France,52
Simon,Gaffer,sgaffer80@mtv.com,Genderfluid,Namibia,54
Lexi,McGerr,lmcgerr81@geocities.jp,Bigender,Portugal,69
Tandie,Baynom,tbaynom82@odnoklassniki.ru,Bigender,Pakistan,75
Jesse,Cornbell,jcornbell83@wordpress.org,Polygender,China,25
Berke,Odcroft,bodcroft84@homestead.com,Genderqueer,Palestinian Territory,47
Louella,Andell,landell85@yellowbook.com,Genderfluid,Mexico,28
Meade,Edgler,medgler86@wix.com,Female,Dominican Republic,31
Dorey,Jonin,djonin87@gizmodo.com,Polygender,Philippines,48
Andria,Quibell,aquibell88@homestead.com,Non-binary,Guatemala,59
Frances,Rowland,frowland89@live.com,Genderfluid,Portugal,60
Natka,Harsant,nharsant8a@123-reg.co.uk,Genderqueer,Indonesia,19
Isac,Levick,ilevick8b@ibm.com,Agender,Honduras,67
Rita,Loyndon,rloyndon8c@i2i.jp,Non-binary,Israel,72
Mellisent,Dalman,mdalman8d@buzzfeed.com,Genderqueer,Armenia,31
Darcey,Menelaws,dmenelaws8e@senate.gov,Agender,New Zealand,59
Carly,Coundley,ccoundley8f@nps.gov,Male,Bosnia and Herzegovina,28
Holly-anne,Yarrall,hyarrall8g@booking.com,Bigender,Pakistan,23
Ly,Keeltagh,lkeeltagh8h@cnn.com,Genderqueer,Kazakhstan,25
Demetris,Edson,dedson8i@ameblo.jp,Agender,Indonesia,61
Elianora,Bottleson,ebottleson8j@aboutads.info,Genderqueer,Yemen,83
Hayward,Ickowics,hickowics8k@jigsy.com,Agender,Norway,61
Dietrich,Kemmet,dkemmet8l@zimbio.com,Genderfluid,Papua New Guinea,47
Ardra,Timcke,atimcke8m@about.me,Female,China,75
Iggy,Scandrick,iscandrick8n@macromedia.com,Bigender,Poland,56
Allayne,Brolechan,abrolechan8o@free.fr,Agender,Thailand,18
Letizia,Mimmack,lmimmack8p@ow.ly,Female,Portugal,63
Orelle,Strafford,ostrafford8q@wikia.com,Agender,China,44
Erena,Higginbottam,ehigginbottam8r@hhs.gov,Genderfluid,China,37
Darrell,Gillooly,dgillooly8s@wired.com,Agender,Indonesia,80
Val,Marsland,vmarsland8t@hhs.gov,Female,Canada,40
Alaric,Gullen,agullen8u@youtu.be,Genderfluid,Philippines,72
Almeda,Goodanew,agoodanew8v@discovery.com,Bigender,Saudi Arabia,55
Farra,Gioani,fgioani8w@statcounter.com,Female,China,81
Carmon,Cancutt,ccancutt8x@harvard.edu,Non-binary,Poland,66
Deni,Bortoloni,dbortoloni8y@google.nl,Polygender,Spain,32
Arlee,Stilling,astilling8z@bandcamp.com,Genderqueer,Yemen,34
Alleyn,Roberts,aroberts90@mapquest.com,Genderfluid,Russia,83
Reggie,Rival,rrival91@acquirethisname.com,Genderqueer,Denmark,80
Pepita,Punyer,ppunyer92@ifeng.com,Male,Portugal,84
Sharyl,Lack,slack93@t.co,Agender,Panama,48
Giovanni,Baggiani,gbaggiani94@ustream.tv,Bigender,Philippines,21
Trista,Ecclestone,tecclestone95@example.com,Genderqueer,China,52
Ardine,Manhood,amanhood96@statcounter.com,Male,Thailand,16
Christy,Perch,cperch97@zdnet.com,Bigender,Nigeria,28
Helaine,Sympson,hsympson98@e-recht24.de,Female,Indonesia,50
Elvin,Loakes,eloakes99@ibm.com,Agender,South Korea,50
Drew,McMinn,dmcminn9a@topsy.com,Genderfluid,China,30
Quinlan,Galtone,qgaltone9b@dell.com,Agender,Saint Kitts and Nevis,56
Nerte,McIlvenna,nmcilvenna9c@tumblr.com,Genderqueer,Tajikistan,33
Lynne,Largan,llargan9d@mysql.com,Non-binary,France,80
Ulla,Clough,uclough9e@drupal.org,Male,Peru,79
Ashien,Anfusso,aanfusso9f@topsy.com,Bigender,China,64
Gretna,Eisikowitch,geisikowitch9g@nytimes.com,Bigender,Philippines,20
Baxter,Manley,bmanley9h@prweb.com,Non-binary,Brazil,74
Gunilla,Rozsa,grozsa9i@about.me,Bigender,Guatemala,72
Vince,Halfacree,vhalfacree9j@wikia.com,Agender,Czech Republic,84
Neile,Scardifield,nscardifield9k@yandex.ru,Non-binary,Kazakhstan,66
Jonathon,Sarton,jsarton9l@house.gov,Genderfluid,Peru,81
Van,Baraja,vbaraja9m@booking.com,Polygender,Cambodia,66
Thedric,Casham,tcasham9n@cdbaby.com,Agender,France,19
Allsun,Greenroad,agreenroad9o@tripadvisor.com,Male,Finland,45
Andrea,Jursch,ajursch9p@biglobe.ne.jp,Bigender,Mongolia,81
Kellia,Mallalieu,kmallalieu9q@xing.com,Bigender,Sweden,43
Kenny,Stedson,kstedson9r@smh.com.au,Male,Nicaragua,56
Sena,Greenslade,sgreenslade9s@yandex.ru,Bigender,United States,61
Dewain,Primmer,dprimmer9t@hc360.com,Female,China,40
Jennee,Baike,jbaike9u@dmoz.org,Polygender,China,42
Bea,Caistor,bcaistor9v@123-reg.co.uk,Female,Indonesia,39
Yardley,Whittington,ywhittington9w@utexas.edu,Genderqueer,Bosnia and Herzegovina,25
Frasco,Pyke,fpyke9x@youku.com,Agender,Bolivia,84
Storm,Hundey,shundey9y@statcounter.com,Bigender,Niger,75
Colas,Waleran,cwaleran9z@woothemes.com,Genderfluid,Indonesia,84
Valry,Valero,vvaleroa0@ted.com,Genderfluid,Japan,58
Blake,Haggerty,bhaggertya1@ed.gov,Genderfluid,Philippines,41
Merla,Lithcow,mlithcowa2@blogs.com,Genderfluid,Portugal,52
Gregorius,Torel,gtorela3@weibo.com,Agender,China,41
Kaspar,Enocksson,kenockssona4@bbb.org,Non-binary,Philippines,44
Jacklyn,Marples,jmarplesa5@live.com,Bigender,China,75
Ugo,Johnigan,ujohnigana6@narod.ru,Female,Czech Republic,81
Nance,Sink,nsinka7@angelfire.com,Genderqueer,China,72
Moll,Semble,msemblea8@deviantart.com,Non-binary,France,50
Dagny,Pettingill,dpettingilla9@abc.net.au,Agender,Vietnam,79
Mae,Foucar,mfoucaraa@independent.co.uk,Bigender,Serbia,72
Norrie,Stud,nstudab@arizona.edu,Non-binary,China,84
Hernando,Monteith,hmonteithac@sakura.ne.jp,Genderfluid,Germany,73
Chalmers,Timmis,ctimmisad@google.pl,Genderfluid,Portugal,46
Dee dee,Slateford,dslatefordae@infoseek.co.jp,Genderfluid,Germany,82
Huntington,Randleson,hrandlesonaf@cam.ac.uk,Genderqueer,Indonesia,53
Eilis,Gummow,egummowag@nyu.edu,Polygender,Indonesia,27
Laraine,Lovick,llovickah@umich.edu,Agender,Thailand,79
Wynn,Perkins,wperkinsai@nymag.com,Agender,Greece,15
Dannel,Simonnin,dsimonninaj@sun.com,Genderqueer,China,79
Joseito,Fulmen,jfulmenak@google.com.au,Female,Indonesia,63
Hillel,Grubb,hgrubbal@livejournal.com,Genderqueer,China,43
Bar,Hiers,bhiersam@google.pl,Genderfluid,Ukraine,48
Edlin,Wintringham,ewintringhaman@nps.gov,Genderqueer,United States,52
Aguistin,Rany,aranyao@dedecms.com,Genderqueer,Tanzania,70
Celina,Hamshaw,chamshawap@youtube.com,Agender,Thailand,26
Natalya,Wateridge,nwateridgeaq@omniture.com,Polygender,China,61
Sabra,Jertz,sjertzar@trellian.com,Agender,Sweden,43
Ardra,Herrema,aherremaas@huffingtonpost.com,Female,Nigeria,76
Mortie,Coie,mcoieat@patch.com,Polygender,Guatemala,28
Mic,Goodbarr,mgoodbarrau@usatoday.com,Agender,Latvia,84
Pascal,Willman,pwillmanav@usda.gov,Polygender,United States,77
Dionisio,Brea,dbreaaw@apache.org,Male,Brazil,15
Benedikta,Edger,bedgerax@theguardian.com,Female,Azerbaijan,33
Bryon,Benton,bbentonay@furl.net,Male,Pakistan,73
Harmony,Kundt,hkundtaz@admin.ch,Agender,Brazil,31
Daile,Cordel,dcordelb0@nba.com,Polygender,Thailand,17
Butch,Doggerell,bdoggerellb1@qq.com,Female,Ukraine,67
Dill,Rubenczyk,drubenczykb2@paginegialle.it,Genderqueer,Indonesia,15
Robers,Drawmer,rdrawmerb3@go.com,Genderqueer,Indonesia,30
Kissee,Reilinger,kreilingerb4@ucoz.com,Female,China,44
Sorcha,Bangham,sbanghamb5@youtube.com,Genderfluid,China,54
Lexy,Bridger,lbridgerb6@ameblo.jp,Bigender,South Sudan,42
Staffard,Primett,sprimettb7@pen.io,Agender,Ukraine,75
Odelle,Buffey,obuffeyb8@ezinearticles.com,Bigender,Gambia,29
Datha,Tomankowski,dtomankowskib9@com.com,Polygender,China,50
Filberte,Feige,ffeigeba@nyu.edu,Non-binary,Greece,80
Tarrance,Wainscot,twainscotbb@dedecms.com,Agender,Ukraine,26
Adore,Galletly,agalletlybc@deliciousdays.com,Female,China,48
Tammy,Mendes,tmendesbd@storify.com,Agender,Thailand,43
Dewie,Bevington,dbevingtonbe@e-recht24.de,Female,China,25
Justinian,Skill,jskillbf@jimdo.com,Female,Czech Republic,80
Evin,Caudelier,ecaudelierbg@amazonaws.com,Polygender,United States,42
Wes,McCloud,wmccloudbh@usgs.gov,Female,China,54
Evita,Wrennall,ewrennallbi@networkadvertising.org,Male,Serbia,84
Emelyne,Bickell,ebickellbj@umn.edu,Bigender,Russia,26
Janeczka,Eliasson,jeliassonbk@admin.ch,Female,Colombia,29
Lavena,De Michetti,ldemichettibl@feedburner.com,Genderfluid,Portugal,27
Kaia,Petigrew,kpetigrewbm@bbc.co.uk,Genderfluid,Portugal,61
Yorgos,Ciobotaru,yciobotarubn@latimes.com,Non-binary,Indonesia,41
Abelard,Batistelli,abatistellibo@xinhuanet.com,Genderfluid,Pakistan,67
Weidar,Cartin,wcartinbp@canalblog.com,Female,China,75
Erda,Blues,ebluesbq@mail.ru,Polygender,China,84
Maude,Henrichs,mhenrichsbr@nasa.gov,Non-binary,Argentina,20
Nickolai,Reiners,nreinersbs@acquirethisname.com,Polygender,Spain,42
Elfrida,Blacket,eblacketbt@forbes.com,Genderqueer,China,37
Alyosha,Gibbings,agibbingsbu@artisteer.com,Female,Thailand,42
Hersh,Gildea,hgildeabv@cbc.ca,Agender,Russia,36
Carter,Morville,cmorvillebw@squarespace.com,Agender,Namibia,70
Susanna,Utridge,sutridgebx@hc360.com,Male,Argentina,53
Franciskus,O'Hanlon,fohanlonby@ocn.ne.jp,Genderfluid,Portugal,75
Audie,Fruish,afruishbz@yahoo.com,Non-binary,Argentina,49
Caprice,Englishby,cenglishbyc0@freewebs.com,Bigender,Brazil,79
Chrysler,Dellar,cdellarc1@hao123.com,Genderqueer,Cameroon,73
Deeann,Gottelier,dgottelierc2@cam.ac.uk,Non-binary,Czech Republic,18
Vin,Hackinge,vhackingec3@weebly.com,Genderfluid,Russia,53
Carolus,Hellewell,chellewellc4@eepurl.com,Agender,Philippines,59
Carie,Alben,calbenc5@mysql.com,Genderqueer,Philippines,16
Gianina,Mouser,gmouserc6@comcast.net,Non-binary,Sweden,27
Fredric,Bache,fbachec7@bbc.co.uk,Agender,Argentina,52
Hermine,Thecham,hthechamc8@live.com,Polygender,Venezuela,20
Egor,Soigne,esoignec9@state.tx.us,Polygender,China,24
Caddric,Honnan,chonnanca@storify.com,Bigender,Indonesia,67
Huey,Ornillos,hornilloscb@slashdot.org,Non-binary,China,79
Cecily,Sodeau,csodeaucc@yellowpages.com,Polygender,Benin,42
Ronnica,Sitford,rsitfordcd@storify.com,Genderqueer,Madagascar,80
Thorndike,Kytley,tkytleyce@github.io,Agender,Russia,34
Guilbert,Starsmore,gstarsmorecf@utexas.edu,Female,Indonesia,24
Tabbie,Francklin,tfrancklincg@gnu.org,Genderqueer,Indonesia,38
Chadwick,Moylan,cmoylanch@storify.com,Genderfluid,China,50
Coleen,Hefferan,chefferanci@livejournal.com,Agender,China,41
Delinda,Simononsky,dsimononskycj@yandex.ru,Bigender,Indonesia,30
Sherwood,Dalinder,sdalinderck@nps.gov,Non-binary,South Africa,42
Lurline,Leupoldt,lleupoldtcl@privacy.gov.au,Non-binary,Indonesia,63
Junina,Whinray,jwhinraycm@wikipedia.org,Bigender,Indonesia,15
Wake,Vina,wvinacn@bluehost.com,Agender,Japan,56
Pansie,Barwell,pbarwellco@paginegialle.it,Non-binary,Japan,52
Coriss,Hercock,chercockcp@skyrock.com,Genderfluid,China,75
Elga,Dutt,eduttcq@state.gov,Genderfluid,Russia,35
Baillie,Silman,bsilmancr@sun.com,Genderfluid,China,74
Frank,Clethro,fclethrocs@webs.com,Genderfluid,Thailand,27
Allegra,Buessen,abuessenct@google.fr,Genderqueer,Guam,76
Catina,Neubigging,cneubiggingcu@networkadvertising.org,Female,Russia,76
Palm,Allso,pallsocv@cbslocal.com,Bigender,France,23
Cooper,Boldra,cboldracw@aol.com,Polygender,China,55
Jolie,Longfellow,jlongfellowcx@reverbnation.com,Male,Taiwan,84
Boycey,Roust,broustcy@themeforest.net,Genderfluid,Russia,82
Chicky,Corona,ccoronacz@pinterest.com,Male,Nicaragua,57
April,Radmore,aradmored0@desdev.cn,Non-binary,Egypt,84
Lorne,Blackstock,lblackstockd1@prnewswire.com,Polygender,Argentina,66
Johny,Stairmond,jstairmondd2@naver.com,Agender,Nigeria,42
Guthrey,Feldhorn,gfeldhornd3@hud.gov,Polygender,Bangladesh,59
Adrian,Durgan,adurgand4@psu.edu,Genderqueer,Mexico,71
Quinlan,Furzey,qfurzeyd5@tamu.edu,Male,Czech Republic,34
Reid,Debling,rdeblingd6@berkeley.edu,Female,Indonesia,43
Sander,Staddart,sstaddartd7@paypal.com,Non-binary,Ukraine,70
Luella,Lowdham,llowdhamd8@ihg.com,Polygender,Sweden,20
Avis,Hounsom,ahounsomd9@usgs.gov,Non-binary,Brazil,76
Linea,Buckthought,lbuckthoughtda@oaic.gov.au,Genderfluid,Sweden,64
Hallie,Fishlee,hfishleedb@alexa.com,Genderfluid,Philippines,80
Paule,Duer,pduerdc@stumbleupon.com,Genderfluid,Pakistan,37
Mayne,Nolan,mnolandd@dot.gov,Bigender,Bosnia and Herzegovina,23
Alasdair,Murney,amurneyde@oakley.com,Genderqueer,Syria,34
Blinni,Gounet,bgounetdf@princeton.edu,Genderqueer,China,40
Dwain,Gave,dgavedg@reuters.com,Male,Mauritius,65
Saree,Lawling,slawlingdh@storify.com,Non-binary,France,41
Hillary,Pobjay,hpobjaydi@opensource.org,Agender,Tanzania,78
Freddie,Strathe,fstrathedj@wikimedia.org,Male,Brazil,27
Cort,Mawhinney,cmawhinneydk@dyndns.org,Genderqueer,China,77
Orazio,Hinzer,ohinzerdl@thetimes.co.uk,Female,Indonesia,47
Gerhardt,Beddie,gbeddiedm@hubpages.com,Genderqueer,Russia,38
Uri,Charrisson,ucharrissondn@xinhuanet.com,Female,Nigeria,34
Anna-diane,Kornousek,akornousekdo@whitehouse.gov,Agender,Indonesia,52
Ceciley,Brimfield,cbrimfielddp@shinystat.com,Female,Italy,70
Darb,Treby,dtrebydq@xrea.com,Genderqueer,Philippines,64
Donella,Forth,dforthdr@seattletimes.com,Genderfluid,Indonesia,35
Betsey,Bensen,bbensends@elpais.com,Bigender,Bolivia,71
Nathalie,Brushfield,nbrushfielddt@typepad.com,Agender,Indonesia,47
Aloise,Scanlon,ascanlondu@networksolutions.com,Non-binary,Philippines,74
Roby,Burger,rburgerdv@usa.gov,Female,United States,36
Joy,Earry,jearrydw@cornell.edu,Polygender,Tunisia,57
Stacia,Sarney,ssarneydx@dmoz.org,Male,Japan,63
Lacey,Willans,lwillansdy@illinois.edu,Male,Georgia,34
Xerxes,Shapcott,xshapcottdz@statcounter.com,Genderfluid,Honduras,20
Aylmer,Pitney,apitneye0@mapquest.com,Female,Russia,17
Krissie,Dudden,kduddene1@sina.com.cn,Non-binary,China,73
Ileana,Vellender,ivellendere2@symantec.com,Genderfluid,Thailand,61
Lana,Keatley,lkeatleye3@reddit.com,Genderqueer,South Korea,66
Tymon,Freschini,tfreschinie4@rakuten.co.jp,Agender,Japan,17
Rainer,Allibone,rallibonee5@goo.gl,Genderqueer,China,17
Norean,Ragless,nraglesse6@technorati.com,Female,Iran,35
Aymer,Darcy,adarcye7@umich.edu,Male,Poland,80
Dael,Seyler,dseylere8@imdb.com,Agender,China,65
Fabio,Wey,fweye9@economist.com,Male,Bangladesh,29
Cirilo,Agent,cagentea@blinklist.com,Agender,South Africa,38
Dmitri,Tyrrell,dtyrrelleb@miibeian.gov.cn,Agender,Czech Republic,53
Payton,Prettyjohn,pprettyjohnec@mayoclinic.com,Genderqueer,Canada,79
Michell,Key,mkeyed@dot.gov,Genderqueer,Thailand,55
Justinn,Dowty,jdowtyee@yolasite.com,Bigender,Japan,32
Benjamin,Tellenbrok,btellenbrokef@over-blog.com,Non-binary,Poland,58
Bessy,Matthiae,bmatthiaeeg@woothemes.com,Genderqueer,Thailand,44
Raimondo,Hemms,rhemmseh@bloomberg.com,Female,China,67
Mirilla,Middle,mmiddleei@studiopress.com,Male,Palestinian Territory,41
Elysee,Solleme,esollemeej@fotki.com,Genderfluid,Norway,73
Kirbee,Wroth,kwrothek@businessweek.com,Female,China,42
Doe,Breward,dbrewardel@sun.com,Male,China,38
Ricki,Vaux,rvauxem@cbc.ca,Agender,Indonesia,15
Cornie,Rains,crainsen@virginia.edu,Agender,France,81
Sharona,Newcombe,snewcombeeo@parallels.com,Genderqueer,Philippines,59
Garold,Thumann,gthumannep@scribd.com,Genderfluid,Portugal,62
Pablo,Cholwell,pcholwelleq@accuweather.com,Polygender,Mongolia,79
Marybeth,Hedderly,mhedderlyer@state.tx.us,Male,Indonesia,55
Rollins,Akrigg,rakrigges@globo.com,Genderfluid,Ireland,15
Viki,Moyer,vmoyeret@npr.org,Agender,United States,76
Hendrick,Cavan,hcavaneu@google.com.au,Non-binary,Colombia,54
Gail,Feore,gfeoreev@merriam-webster.com,Male,Sweden,25
Charmaine,Aikman,caikmanew@g.co,Female,Madagascar,25
Blondelle,Dyster,bdysterex@hatena.ne.jp,Genderqueer,Dominican Republic,55
Hillary,Ludlem,hludlemey@slashdot.org,Genderfluid,Mexico,81
Madonna,Regler,mreglerez@eepurl.com,Polygender,Venezuela,57
Karyn,Karpe,kkarpef0@dyndns.org,Male,China,82
Akim,Rupke,arupkef1@arizona.edu,Non-binary,China,35
Dexter,Norcock,dnorcockf2@github.com,Male,Greece,76
Camellia,Jeacock,cjeacockf3@cbc.ca,Female,China,51
Mace,Bullimore,mbullimoref4@taobao.com,Genderfluid,China,42
Bartlett,Garfit,bgarfitf5@yellowpages.com,Polygender,Netherlands,43
Vincenty,McTrusty,vmctrustyf6@wired.com,Genderqueer,China,63
Johnette,Schuricht,jschurichtf7@woothemes.com,Bigender,Sweden,75
Tamarra,Jeacock,tjeacockf8@pcworld.com,Genderqueer,Russia,22
Dulsea,Goforth,dgoforthf9@mtv.com,Agender,Philippines,37
El,Rooney,erooneyfa@tumblr.com,Genderfluid,Argentina,38
Ryun,Brick,rbrickfb@who.int,Agender,Philippines,75
Ximenes,Glader,xgladerfc@reference.com,Polygender,Sweden,59
Fraser,Labb,flabbfd@baidu.com,Non-binary,Philippines,72
Ban,Yushmanov,byushmanovfe@wordpress.org,Male,Indonesia,42
Daryle,Roomes,droomesff@fda.gov,Genderqueer,France,19
Benedict,Dyet,bdyetfg@ning.com,Male,Brazil,57
Wandie,Fittes,wfittesfh@delicious.com,Genderfluid,China,80
Allistir,O'Sheeryne,aosheerynefi@dell.com,Polygender,Costa Rica,42
Kerwin,Brunner,kbrunnerfj@typepad.com,Agender,Brazil,47
Edita,MacLise,emaclisefk@instagram.com,Agender,Syria,16
Biddie,Prestland,bprestlandfl@ftc.gov,Agender,Philippines,51
Mendie,Huton,mhutonfm@so-net.ne.jp,Non-binary,Greece,26
Glennie,Elnough,gelnoughfn@google.ru,Non-binary,Indonesia,43
Mordecai,Diver,mdiverfo@reuters.com,Agender,Brazil,40
Murdock,Parradine,mparradinefp@google.de,Non-binary,Uganda,27
Madlin,Girod,mgirodfq@symantec.com,Agender,France,61
Davide,Keoghane,dkeoghanefr@prweb.com,Bigender,Poland,25
Obie,Aisman,oaismanfs@yandex.ru,Non-binary,Chad,77
Mead,Gate,mgateft@fotki.com,Bigender,Indonesia,55
Nertie,Dibson,ndibsonfu@alexa.com,Genderfluid,China,22
Penelopa,Gaiger,pgaigerfv@angelfire.com,Non-binary,Canada,57
Inge,Bavister,ibavisterfw@posterous.com,Bigender,Uruguay,63
Zared,Babidge,zbabidgefx@psu.edu,Non-binary,China,85
Crawford,Leon,cleonfy@yahoo.com,Non-binary,Russia,74
Chelsae,Campsall,ccampsallfz@pbs.org,Male,Russia,16
Tonya,McVicker,tmcvickerg0@ifeng.com,Bigender,China,35
Roscoe,Bahlmann,rbahlmanng1@t.co,Male,Chad,62
Gerhard,Clemenceau,gclemenceaug2@imdb.com,Female,China,70
Akim,Abramchik,aabramchikg3@photobucket.com,Genderqueer,Russia,65
Charla,Blinkhorn,cblinkhorng4@phoca.cz,Female,China,47
Cassie,Hoyer,choyerg5@amazon.de,Non-binary,Ukraine,40
Laetitia,Wayne,lwayneg6@mail.ru,Polygender,China,16
Elias,Been,ebeeng7@princeton.edu,Genderqueer,Russia,65
Dugald,Metherell,dmetherellg8@livejournal.com,Female,Mali,56
Marline,Gilbane,mgilbaneg9@wsj.com,Bigender,Brazil,67
Amabelle,Glander,aglanderga@miibeian.gov.cn,Female,Yemen,50
Udell,Kindread,ukindreadgb@nydailynews.com,Polygender,China,60
Mayer,O'Callaghan,mocallaghangc@amazonaws.com,Female,Ukraine,29
Bee,Littefair,blittefairgd@artisteer.com,Female,Poland,15
Mitchell,Riddington,mriddingtonge@nytimes.com,Non-binary,Angola,17
Cazzie,Adamiak,cadamiakgf@elegantthemes.com,Agender,Ireland,16
Regan,Hallgalley,rhallgalleygg@phpbb.com,Male,China,65
Darby,Emmert,demmertgh@barnesandnoble.com,Bigender,Japan,48
Romeo,Mitchinson,rmitchinsongi@prnewswire.com,Non-binary,Russia,85
Britte,Hartopp,bhartoppgj@studiopress.com,Genderqueer,Poland,50
Lilllie,Barton,lbartongk@baidu.com,Polygender,Dominican Republic,63
Ward,Fishley,wfishleygl@foxnews.com,Genderfluid,Argentina,27
Alli,Hrinishin,ahrinishingm@wunderground.com,Female,China,61
Thornie,Carvill,tcarvillgn@nymag.com,Polygender,Indonesia,29
Ludvig,Furmonger,lfurmongergo@samsung.com,Male,China,81
Gael,Willingam,gwillingamgp@washington.edu,Polygender,Philippines,26
Truman,Cleugher,tcleughergq@miibeian.gov.cn,Bigender,Bahamas,34
Juliana,Goldhawk,jgoldhawkgr@digg.com,Polygender,Sweden,17
Ikey,McKiddin,imckiddings@springer.com,Genderfluid,Indonesia,22
Karrie,Flaxman,kflaxmangt@mozilla.com,Genderfluid,Portugal,50
Pierson,Calfe,pcalfegu@comcast.net,Bigender,Argentina,37
Staci,Hammatt,shammattgv@ucla.edu,Genderqueer,Afghanistan,32
Rodie,Middle,rmiddlegw@studiopress.com,Male,Philippines,42
Blanche,Fincke,bfinckegx@gizmodo.com,Agender,Philippines,55
Lane,Mailey,lmaileygy@plala.or.jp,Genderqueer,Colombia,30
Marianna,Tanzer,mtanzergz@cloudflare.com,Genderqueer,Greece,78
Katrinka,Dolphin,kdolphinh0@java.com,Agender,Portugal,51
Desmund,Tewkesbury.,dtewkesburyh1@deviantart.com,Bigender,Mexico,38
Abeu,Domokos,adomokosh2@youku.com,Non-binary,Canada,85
Bastien,Faulkes,bfaulkesh3@geocities.jp,Genderfluid,Russia,27
Jasen,Nani,jnanih4@pcworld.com,Genderqueer,China,33
Brandyn,Gillow,bgillowh5@usnews.com,Female,Slovenia,54
Elinor,Eldershaw,eeldershawh6@sakura.ne.jp,Agender,Indonesia,21
Celestyna,Gravestone,cgravestoneh7@miibeian.gov.cn,Male,Ecuador,75
Maison,Brenston,mbrenstonh8@icio.us,Genderfluid,Indonesia,31
Arturo,Moyers,amoyersh9@plala.or.jp,Bigender,Colombia,33
Adey,Angelo,aangeloha@home.pl,Female,Brazil,49
Arvin,Bluett,abluetthb@ow.ly,Polygender,Indonesia,51
Riannon,Escot,rescothc@yelp.com,Female,Bangladesh,46
Wilona,Castane,wcastanehd@harvard.edu,Genderqueer,Philippines,84
Katina,Heale,khealehe@hubpages.com,Bigender,China,64
Xavier,Dorricott,xdorricotthf@opensource.org,Bigender,Indonesia,51
Andrej,Brammall,abrammallhg@apache.org,Bigender,Pakistan,27
Nevsa,McSperrin,nmcsperrinhh@auda.org.au,Bigender,Ukraine,59
Jocelin,Carryer,jcarryerhi@usa.gov,Agender,China,64
Eugenio,McEntagart,emcentagarthj@pinterest.com,Male,Ukraine,26
Mady,Odeson,modesonhk@salon.com,Genderfluid,Palestinian Territory,77
Latashia,Eallis,leallishl@fema.gov,Male,Poland,40
Maxy,Dorwood,mdorwoodhm@usa.gov,Polygender,Bolivia,40
Brade,Farlane,bfarlanehn@hatena.ne.jp,Non-binary,Philippines,27
Enrique,Marke,emarkeho@utexas.edu,Genderqueer,Cameroon,17
Steffen,Dutton,sduttonhp@tamu.edu,Female,Portugal,37
Helsa,Ambrogioni,hambrogionihq@parallels.com,Genderqueer,Indonesia,47
Kenon,Galero,kgalerohr@state.tx.us,Non-binary,China,83
Darn,Poyntz,dpoyntzhs@wikipedia.org,Bigender,Colombia,40
Nicolais,Carlyle,ncarlyleht@jugem.jp,Polygender,Indonesia,37
Kore,Flowerden,kflowerdenhu@pen.io,Male,Madagascar,71
Mischa,Tomsen,mtomsenhv@discuz.net,Genderfluid,China,62
Westley,Lilliman,wlillimanhw@boston.com,Female,Iran,38
Alvy,Lowseley,alowseleyhx@cafepress.com,Polygender,Brazil,47
Josh,Woodhead,jwoodheadhy@com.com,Agender,Kazakhstan,46
Ulrike,Strutley,ustrutleyhz@hexun.com,Polygender,Portugal,39
Loralee,Lampert,llamperti0@squidoo.com,Genderfluid,Sweden,85
Babette,Artiss,bartissi1@ameblo.jp,Bigender,China,40
Tammi,Hoy,thoyi2@ebay.com,Agender,Vietnam,42
Jsandye,Proud,jproudi3@blogs.com,Male,Niger,55
Danya,Pearn,dpearni4@artisteer.com,Genderfluid,Tunisia,85
Cosimo,Nyland,cnylandi5@cafepress.com,Agender,Russia,76
Godfrey,Jezard,gjezardi6@xing.com,Polygender,Ukraine,33
Marget,Baddiley,mbaddileyi7@topsy.com,Agender,Philippines,40
Giacomo,Low,glowi8@ehow.com,Male,Syria,39
Jane,McVicar,jmcvicari9@noaa.gov,Non-binary,Serbia,32
Nani,Gaudin,ngaudinia@blogs.com,Genderqueer,Libya,39
Dionysus,Gutowski,dgutowskiib@amazonaws.com,Female,Venezuela,67
Torr,Noye,tnoyeic@dagondesign.com,Genderfluid,France,44
Betti,Tappin,btappinid@mayoclinic.com,Male,Vietnam,23
Amabel,Taudevin,ataudevinie@accuweather.com,Polygender,Indonesia,30
Morten,Bradforth,mbradforthif@digg.com,Genderfluid,Poland,31
Amalia,Lightwing,alightwingig@patch.com,Bigender,Portugal,38
Coletta,Inman,cinmanih@sakura.ne.jp,Polygender,China,40
Larisa,Culwen,lculwenii@independent.co.uk,Non-binary,Colombia,47
Fifine,Pashenkov,fpashenkovij@patch.com,Genderfluid,Bangladesh,15
Doria,Funnell,dfunnellik@bandcamp.com,Female,China,46
Marga,Aspden,maspdenil@google.com,Genderfluid,China,76
Inglis,Woodfield,iwoodfieldim@chron.com,Genderfluid,Poland,25
Emeline,Goodliff,egoodliffin@squidoo.com,Polygender,China,50
Cathee,Geffcock,cgeffcockio@rediff.com,Non-binary,Indonesia,21
Danna,Furniss,dfurnissip@comcast.net,Female,Argentina,60
Gwenette,Jarrelt,gjarreltiq@yandex.ru,Genderfluid,China,82
Samaria,Peoples,speoplesir@mediafire.com,Male,France,55
Klaus,Lilleycrop,klilleycropis@hc360.com,Polygender,Honduras,41
Wynne,Blowfield,wblowfieldit@ucla.edu,Genderfluid,China,32
Den,Mosey,dmoseyiu@buzzfeed.com,Male,Colombia,23
Claresta,Lougheid,clougheidiv@oracle.com,Polygender,China,63
Thatch,Monnoyer,tmonnoyeriw@theatlantic.com,Male,United States,30
Kaja,Rizziello,krizzielloix@howstuffworks.com,Polygender,Czech Republic,63
Tedda,Foye,tfoyeiy@technorati.com,Bigender,China,72
Flemming,Castenda,fcastendaiz@trellian.com,Agender,Portugal,57
Emory,Miskimmon,emiskimmonj0@studiopress.com,Genderqueer,Uruguay,61
Lillian,Moubray,lmoubrayj1@bloomberg.com,Genderfluid,Thailand,56
Constancia,Postgate,cpostgatej2@ihg.com,Bigender,Peru,44
Rosita,Marioneau,rmarioneauj3@xing.com,Female,Indonesia,47
Courtnay,Tohill,ctohillj4@ask.com,Genderqueer,Philippines,84
Willette,Addinall,waddinallj5@epa.gov,Agender,Poland,15
Alden,Spering,asperingj6@wired.com,Agender,Peru,40
Luella,Tenpenny,ltenpennyj7@github.com,Non-binary,Thailand,26
Jaimie,Furney,jfurneyj8@columbia.edu,Agender,Argentina,22
Adriaens,Thaim,athaimj9@php.net,Non-binary,Indonesia,59
Annice,Kidston,akidstonja@phpbb.com,Bigender,Brazil,37
Maurizia,Gilfoyle,mgilfoylejb@princeton.edu,Non-binary,China,18
Roseann,Gambrell,rgambrelljc@newyorker.com,Genderqueer,Morocco,25
Spence,Kierans,skieransjd@cbsnews.com,Genderqueer,Philippines,17
Ida,Goulder,igoulderje@dot.gov,Male,Japan,22
Terrence,Bottrill,tbottrilljf@yellowpages.com,Bigender,Canada,51
Erskine,Piperley,epiperleyjg@bluehost.com,Genderfluid,United States,21
Aleksandr,Igounet,aigounetjh@japanpost.jp,Bigender,France,50
Octavius,Garces,ogarcesji@usgs.gov,Male,Russia,58
Brigg,Edsall,bedsalljj@cnn.com,Female,France,48
Wendell,Soffe,wsoffejk@msn.com,Female,Bangladesh,26
Candy,Hlavecek,chlavecekjl@bravesites.com,Male,Russia,62
Ennis,Menis,emenisjm@behance.net,Female,France,41
Forbes,Keatch,fkeatchjn@tmall.com,Non-binary,Vietnam,76
Harmonie,Rosoman,hrosomanjo@washington.edu,Female,Democratic Republic of the Congo,49
Clementina,Faas,cfaasjp@about.com,Male,China,62
Clemmie,Vaudin,cvaudinjq@tiny.cc,Non-binary,Russia,82
Tony,Stemson,tstemsonjr@gov.uk,Genderfluid,United States,62
Benedict,Dow,bdowjs@yale.edu,Bigender,France,35
Caresse,Kivlin,ckivlinjt@yellowpages.com,Genderqueer,China,81
Shayne,Broomhead,sbroomheadju@loc.gov,Female,Argentina,48
Kathleen,Kivlehan,kkivlehanjv@issuu.com,Polygender,Portugal,52
Shena,Whalebelly,swhalebellyjw@europa.eu,Non-binary,Russia,48
Josefina,Gorbell,jgorbelljx@psu.edu,Polygender,China,32
Larine,Augar,laugarjy@hao123.com,Agender,Ukraine,57
Borg,Jacketts,bjackettsjz@ucoz.ru,Non-binary,Vietnam,72
Rica,Dionsetto,rdionsettok0@ocn.ne.jp,Genderqueer,Ireland,52
Frans,Petigrew,fpetigrewk1@marriott.com,Male,French Guiana,85
Elisabetta,Klimes,eklimesk2@oakley.com,Polygender,Indonesia,19
Karlik,Ingleby,kinglebyk3@cornell.edu,Bigender,Portugal,79
Bourke,Lanon,blanonk4@cbsnews.com,Non-binary,Peru,74
Eleanor,Elis,eelisk5@trellian.com,Genderqueer,Norway,77
Julio,Synnott,jsynnottk6@dagondesign.com,Female,Indonesia,47
Ester,Gue,eguek7@hibu.com,Non-binary,Poland,21
Larisa,Kensett,lkensettk8@ucoz.ru,Non-binary,Colombia,25
Markus,Purcer,mpurcerk9@techcrunch.com,Genderqueer,Ukraine,37
Lowrance,Baynham,lbaynhamka@google.pl,Female,China,39
Lynn,Utridge,lutridgekb@arizona.edu,Non-binary,China,41
Brinn,Vashchenko,bvashchenkokc@blogspot.com,Genderqueer,Portugal,61
Lucia,Charkham,lcharkhamkd@theatlantic.com,Female,China,19
Zorana,Sepey,zsepeyke@xrea.com,Bigender,Ecuador,80
Gan,Elles,gelleskf@wunderground.com,Genderqueer,Canada,69
Hamish,Jonke,hjonkekg@bizjournals.com,Female,Ukraine,75
Scarface,Tabor,staborkh@statcounter.com,Polygender,France,48
Jenica,Risman,jrismanki@amazon.co.uk,Female,Myanmar,20
Maynord,Thurby,mthurbykj@miitbeian.gov.cn,Genderqueer,China,57
Othelia,Drain,odrainkk@delicious.com,Agender,Russia,71
Jammie,Marquese,jmarquesekl@mail.ru,Bigender,Japan,45
Colan,Fratson,cfratsonkm@artisteer.com,Genderfluid,Kyrgyzstan,75
Lonni,Braiden,lbraidenkn@ucoz.ru,Non-binary,China,75
Shae,Logie,slogieko@artisteer.com,Female,Poland,47
Mickie,Neale,mnealekp@edublogs.org,Non-binary,China,15
Fifine,Marson,fmarsonkq@trellian.com,Genderqueer,Indonesia,66
Sybilla,Absolon,sabsolonkr@a8.net,Male,United States,29
Magnum,Hendricks,mhendricksks@wikipedia.org,Genderqueer,Tanzania,16
Mariquilla,Bootton,mboottonkt@ebay.co.uk,Male,Uzbekistan,17
Ilyse,Scarlon,iscarlonku@about.me,Non-binary,Canada,70
Gabriella,Dray,gdraykv@huffingtonpost.com,Bigender,Philippines,21
Dorry,Mcall,dmcallkw@miibeian.gov.cn,Bigender,China,64
Ailsun,MacParlan,amacparlankx@howstuffworks.com,Agender,Poland,30
Leda,Albrighton,lalbrightonky@amazon.co.jp,Non-binary,Indonesia,38
Wallie,Flowitt,wflowittkz@angelfire.com,Agender,China,36
Dyanna,Biermatowicz,dbiermatowiczl0@theatlantic.com,Genderqueer,Poland,83
Nesta,Gonneau,ngonneaul1@businesswire.com,Bigender,Thailand,32
Hilda,Lardiner,hlardinerl2@weebly.com,Genderqueer,Poland,30
Mickey,Kleint,mkleintl3@nih.gov,Bigender,Poland,45
Mariele,Alebrooke,malebrookel4@github.com,Non-binary,Ukraine,51
Noell,Cockerham,ncockerhaml5@shutterfly.com,Male,Philippines,56
Maurise,Verlinde,mverlindel6@seesaa.net,Genderqueer,Indonesia,36
Jacquie,Guerner,jguernerl7@networkadvertising.org,Non-binary,Croatia,43
Inge,Grund,igrundl8@furl.net,Genderfluid,China,83
Aridatha,Filshin,afilshinl9@zdnet.com,Polygender,Russia,37
Charo,Grafton,cgraftonla@istockphoto.com,Male,Sweden,29
Clarence,Fruen,cfruenlb@moonfruit.com,Genderfluid,Philippines,74
Davin,Tressler,dtresslerlc@washington.edu,Agender,Tanzania,34
Gayle,Bunnell,gbunnellld@ft.com,Agender,China,35
Ranna,Busek,rbusekle@webmd.com,Genderqueer,Russia,48
Sam,Alennikov,salennikovlf@bloomberg.com,Genderqueer,China,33
Stace,Priest,spriestlg@ovh.net,Bigender,Cyprus,35
Travus,Clampe,tclampelh@utexas.edu,Male,China,83
Neil,Remer,nremerli@behance.net,Male,China,81
Dunn,Fraanchyonok,dfraanchyonoklj@hao123.com,Male,China,47
Amie,Woffenden,awoffendenlk@harvard.edu,Polygender,Kyrgyzstan,56
Sabine,Hulcoop,shulcoopll@businesswire.com,Bigender,China,51
Ruttger,Corteney,rcorteneylm@naver.com,Genderqueer,Sweden,44
Domenico,Bubear,dbubearln@skype.com,Genderqueer,Poland,78
Reynold,Castana,rcastanalo@hubpages.com,Polygender,China,28
Joan,Ropp,jropplp@guardian.co.uk,Female,Russia,45
Westley,Rottger,wrottgerlq@storify.com,Female,China,49
Rafaela,Vinter,rvinterlr@washington.edu,Female,Haiti,20
Glennie,Sawart,gsawartls@google.com,Male,China,62
Ania,Phant,aphantlt@businessinsider.com,Female,Brazil,20
Guglielmo,Ragsdale,gragsdalelu@cam.ac.uk,Polygender,China,52
Lisette,McFarlane,lmcfarlanelv@pcworld.com,Non-binary,Italy,45
Renado,Hacard,rhacardlw@livejournal.com,Non-binary,Indonesia,31
Nancy,Fernehough,nfernehoughlx@vimeo.com,Polygender,United States,53
Evangelin,Clausius,eclausiusly@cnbc.com,Male,Russia,37
Emmalee,Coventon,ecoventonlz@feedburner.com,Agender,Brazil,78
Anabel,Durling,adurlingm0@hhs.gov,Agender,Indonesia,16
Agathe,Longhorne,alonghornem1@jimdo.com,Polygender,Slovenia,24
Arleen,Barday,abardaym2@pen.io,Bigender,Argentina,63
Agna,Gabriely,agabrielym3@angelfire.com,Polygender,Poland,74
Kelcie,Jarmaine,kjarmainem4@ow.ly,Male,Portugal,73
Alan,Goligly,agoliglym5@istockphoto.com,Female,Peru,38
Cory,Krysiak,ckrysiakm6@boston.com,Non-binary,Indonesia,44
Florenza,Casseldine,fcasseldinem7@oakley.com,Non-binary,Ukraine,55
Sigismund,Goare,sgoarem8@naver.com,Agender,Brazil,58
Orelie,Woolfitt,owoolfittm9@zdnet.com,Female,China,49
Dotti,Sellner,dsellnerma@unblog.fr,Polygender,Russia,40
Querida,Yewdall,qyewdallmb@rakuten.co.jp,Polygender,Venezuela,41
Ken,Caltera,kcalteramc@sohu.com,Female,China,28
Lanie,Paterno,lpaternomd@archive.org,Bigender,China,73
Sheelagh,Larkby,slarkbyme@columbia.edu,Bigender,Chile,35
Cariotta,Poytress,cpoytressmf@zimbio.com,Genderfluid,Russia,32
Ricki,Serrurier,rserruriermg@yandex.ru,Bigender,China,20
Etti,Challoner,echallonermh@t-online.de,Female,Philippines,68
Deva,Cresar,dcresarmi@fc2.com,Polygender,Panama,50
Anna-diana,Pickering,apickeringmj@360.cn,Agender,Iran,34
Bambie,Sandall,bsandallmk@nsw.gov.au,Genderfluid,South Africa,19
Matti,Doel,mdoelml@nyu.edu,Non-binary,Gabon,68
Ortensia,Daughtery,odaughterymm@imgur.com,Polygender,Ireland,26
Dun,Sedgemore,dsedgemoremn@cnbc.com,Genderqueer,Turkey,84
Gerri,Dover,gdovermo@springer.com,Polygender,Sweden,79
Cammie,Ridpath,cridpathmp@smh.com.au,Agender,Indonesia,18
Megan,Palmer,mpalmermq@usatoday.com,Non-binary,Nigeria,77
Dag,Stribbling,dstribblingmr@uiuc.edu,Bigender,China,17
Obadias,McCurt,omccurtms@dailymotion.com,Agender,Indonesia,85
Kitti,Werndley,kwerndleymt@ebay.co.uk,Agender,Uruguay,81
Dyna,Kern,dkernmu@biglobe.ne.jp,Genderqueer,France,15
Vidovic,Strathman,vstrathmanmv@marketwatch.com,Polygender,Georgia,72
Dilly,Bedwell,dbedwellmw@si.edu,Genderfluid,Venezuela,32
Wilow,Harflete,wharfletemx@fastcompany.com,Genderqueer,Palestinian Territory,83
Karlis,Mundell,kmundellmy@wunderground.com,Non-binary,Morocco,38
Rod,Gifkins,rgifkinsmz@soundcloud.com,Polygender,Bangladesh,29
Delia,Sneesbie,dsneesbien0@java.com,Polygender,China,63
Loise,Testin,ltestinn1@chronoengine.com,Polygender,Norway,57
Fredi,Bigglestone,fbigglestonen2@dagondesign.com,Male,Germany,17
Johny,Crosskell,jcrosskelln3@nationalgeographic.com,Female,China,84
Gale,Jiroutka,gjiroutkan4@cbc.ca,Bigender,China,59
Del,Arnould,darnouldn5@chron.com,Genderqueer,China,18
Janela,Radenhurst,jradenhurstn6@free.fr,Agender,Portugal,83
Lulu,Niese,lniesen7@arstechnica.com,Agender,Russia,42
Cosette,Rissom,crissomn8@joomla.org,Genderfluid,Brazil,18
Essa,Lascelles,elascellesn9@washington.edu,Genderqueer,Philippines,43
Virgil,Hawkwood,vhawkwoodna@apache.org,Male,Malta,36
Fernando,Roseman,frosemannb@multiply.com,Female,China,62
Garfield,Whyffen,gwhyffennc@globo.com,Genderfluid,France,49
Barney,Adrian,badriannd@google.com.au,Genderfluid,Brazil,70
Augustin,Alexandre,aalexandrene@blogspot.com,Agender,France,70
Tracie,Alebrooke,talebrookenf@google.co.jp,Female,Peru,65
Brandon,Stanlike,bstanlikeng@java.com,Polygender,Indonesia,70
Helena,Verlinde,hverlindenh@ocn.ne.jp,Genderfluid,Indonesia,37
Terence,Dugget,tduggetni@wikispaces.com,Genderqueer,Uruguay,18
Vida,Please,vpleasenj@columbia.edu,Bigender,Indonesia,44
Othilia,Capehorn,ocapehornnk@github.io,Bigender,Dominican Republic,36
Rafael,Mellhuish,rmellhuishnl@rakuten.co.jp,Female,Poland,79
Goddard,Berrington,gberringtonnm@bigcartel.com,Agender,Brazil,85
Codie,Huot,chuotnn@virginia.edu,Non-binary,China,28
Vlad,Kitchaside,vkitchasideno@cdc.gov,Female,Poland,27
Torr,Sacaze,tsacazenp@simplemachines.org,Genderqueer,China,19
Turner,Tomaello,ttomaellonq@smh.com.au,Genderqueer,Indonesia,63
Bone,Rouzet,brouzetnr@studiopress.com,Polygender,China,47
Meghann,Rosenfield,mrosenfieldns@fda.gov,Female,Saint Kitts and Nevis,47
Doti,Hallyburton,dhallyburtonnt@mediafire.com,Polygender,Thailand,35
Taylor,Defau,tdefaunu@cbc.ca,Agender,Azerbaijan,52
Cristie,Magner,cmagnernv@discuz.net,Agender,Portugal,40
Tedman,Dancey,tdanceynw@yahoo.co.jp,Male,China,84
Malchy,Maffioni,mmaffioninx@linkedin.com,Polygender,Philippines,39
Fionnula,Dyzart,fdyzartny@scribd.com,Polygender,Indonesia,72
Conway,Sharrard,csharrardnz@nsw.gov.au,Non-binary,Russia,65
Kamila,Miall,kmiallo0@dion.ne.jp,Male,Russia,27
Dorothy,Renak,drenako1@businessweek.com,Bigender,United States,44
Briana,Lince,blinceo2@nationalgeographic.com,Non-binary,Syria,37
Kerrill,Burke,kburkeo3@bloomberg.com,Male,Indonesia,34
Wynn,Patman,wpatmano4@latimes.com,Agender,Portugal,46
Wake,Jolliffe,wjolliffeo5@nasa.gov,Agender,Belarus,59
Liuka,Bernardo,lbernardoo6@hibu.com,Male,China,43
Tamar,Chilcotte,tchilcotteo7@pinterest.com,Genderqueer,Poland,19
Erhard,Birtle,ebirtleo8@qq.com,Non-binary,Kuwait,16
Tracy,Lande,tlandeo9@last.fm,Polygender,Honduras,30
Karly,Girogetti,kgirogettioa@shop-pro.jp,Genderfluid,China,29
Louisette,Tattoo,ltattooob@admin.ch,Female,Canada,82
Caitrin,Broszkiewicz,cbroszkiewiczoc@etsy.com,Male,China,24
Linea,Vogeler,lvogelerod@rakuten.co.jp,Female,China,77
Kelley,Wilshere,kwilshereoe@shareasale.com,Male,Portugal,36
Jim,Roebuck,jroebuckof@ucsd.edu,Polygender,Brazil,65
Karole,Roseaman,kroseamanog@nydailynews.com,Female,China,31
Yoko,Buscher,ybuscheroh@deviantart.com,Genderqueer,Indonesia,62
Nora,Augustus,naugustusoi@quantcast.com,Agender,Indonesia,61
Gran,Whyman,gwhymanoj@discovery.com,Bigender,United Kingdom,73
Cherry,Crossgrove,ccrossgroveok@hostgator.com,Genderqueer,China,43
Arlana,Undrill,aundrillol@t-online.de,Agender,China,41
Kailey,Beekmann,kbeekmannom@myspace.com,Male,France,46
Edward,Inkpin,einkpinon@nba.com,Male,Poland,50
Claybourne,Audiss,caudissoo@smh.com.au,Polygender,Brazil,52
Dierdre,Adin,dadinop@prlog.org,Male,Indonesia,32
Eveline,Crewdson,ecrewdsonoq@about.me,Female,Mexico,80
La verne,Snoxell,lsnoxellor@symantec.com,Polygender,China,22
Audra,Purkis,apurkisos@discuz.net,Genderfluid,Belize,24
Ginevra,Marriage,gmarriageot@reference.com,Genderfluid,Peru,26
Amalee,Botwood,abotwoodou@salon.com,Female,China,51
Karin,Szymon,kszymonov@github.io,Genderfluid,France,62
Maggi,Lilion,mlilionow@buzzfeed.com,Agender,Sweden,78
Robinia,Weinberg,rweinbergox@behance.net,Genderfluid,China,18
Roland,Shearston,rshearstonoy@lulu.com,Polygender,Russia,79
Diana,Champain,dchampainoz@google.com.hk,Genderqueer,Indonesia,40
Daria,Harley,dharleyp0@delicious.com,Genderfluid,Greece,55
Jacob,Biglin,jbiglinp1@blogger.com,Genderfluid,Tunisia,16
Johanna,Elven,jelvenp2@mail.ru,Female,Russia,44
Teresa,Stading,tstadingp3@imageshack.us,Bigender,Russia,20
Abie,Walklot,awalklotp4@linkedin.com,Polygender,Argentina,63
Elvyn,Lorey,eloreyp5@apple.com,Female,Turkmenistan,40
Daffie,Doleman,ddolemanp6@google.fr,Female,Nigeria,38
Ruthe,Renish,rrenishp7@51.la,Bigender,Japan,34
Pooh,Goodlife,pgoodlifep8@github.io,Male,China,21
Maddi,De Cleyne,mdecleynep9@hao123.com,Non-binary,Belize,35
Erny,Spottswood,espottswoodpa@nyu.edu,Genderqueer,Czech Republic,25
Carl,Delahunty,cdelahuntypb@house.gov,Non-binary,Costa Rica,64
Dacey,Tutt,dtuttpc@people.com.cn,Female,Pakistan,67
Devland,Adair,dadairpd@ezinearticles.com,Polygender,Indonesia,48
Toddie,Goncaves,tgoncavespe@bloomberg.com,Male,China,72
Derward,Trinkwon,dtrinkwonpf@comcast.net,Genderfluid,China,48
Bette,Richardon,brichardonpg@blogs.com,Genderqueer,Zimbabwe,82
Eugen,Duerden,eduerdenph@tinypic.com,Bigender,Democratic Republic of the Congo,82
Juliette,Killiam,jkilliampi@wunderground.com,Female,Indonesia,78
Christina,Jelliman,cjellimanpj@virginia.edu,Polygender,Poland,73
Carlie,McNern,cmcnernpk@deviantart.com,Agender,China,76
Temple,Rumming,trummingpl@redcross.org,Non-binary,Portugal,58
Zarla,Dyke,zdykepm@chron.com,Polygender,Brazil,78
Querida,Rayhill,qrayhillpn@ucoz.com,Bigender,France,29
Gabey,Moors,gmoorspo@flavors.me,Female,Uruguay,30
Fanny,Lax,flaxpp@163.com,Polygender,Indonesia,48
Heath,Borthwick,hborthwickpq@forbes.com,Male,Indonesia,38
Derron,Beall,dbeallpr@about.com,Non-binary,Brazil,80
Datha,Cowderoy,dcowderoyps@reverbnation.com,Non-binary,China,65
Letisha,Children,lchildrenpt@sitemeter.com,Non-binary,Greece,67
Griffith,Kermath,gkermathpu@cornell.edu,Bigender,Indonesia,17
Toddy,Zealey,tzealeypv@youku.com,Agender,Ukraine,75
Camilla,Brierly,cbrierlypw@soundcloud.com,Bigender,Mongolia,67
Vikki,Newlands,vnewlandspx@opera.com,Bigender,China,75
Pebrook,Benedito,pbeneditopy@instagram.com,Genderqueer,United States,85
Thatch,Crosetti,tcrosettipz@examiner.com,Genderqueer,Portugal,45
Yalonda,Wellbeloved,ywellbelovedq0@trellian.com,Female,Peru,38
Stevana,Grimme,sgrimmeq1@seattletimes.com,Genderqueer,Russia,59
Alvera,Gynni,agynniq2@time.com,Non-binary,Ukraine,38
Jaquenette,Pressdee,jpressdeeq3@google.com,Agender,Brazil,73
Alyse,Indgs,aindgsq4@google.co.jp,Male,Iran,69
Bron,Yakov,byakovq5@phpbb.com,Female,Thailand,83
Phil,Petkens,ppetkensq6@washingtonpost.com,Bigender,Japan,57
Thaxter,Towsie,ttowsieq7@ocn.ne.jp,Genderfluid,Chad,54
Valina,Sillitoe,vsillitoeq8@twitter.com,Bigender,Indonesia,42
North,Ayars,nayarsq9@princeton.edu,Bigender,Poland,15
Cassie,Frobisher,cfrobisherqa@umn.edu,Bigender,Chile,55
Kelila,Summerhayes,ksummerhayesqb@yahoo.co.jp,Polygender,South Sudan,48
Keeley,McPartlin,kmcpartlinqc@netlog.com,Genderqueer,Norway,51
Linzy,Buche,lbucheqd@toplist.cz,Genderqueer,China,19
Gabrielle,Gabbatt,ggabbattqe@utexas.edu,Male,Russia,76
Kort,Milliken,kmillikenqf@sogou.com,Genderfluid,China,35
Charin,Hirsch,chirschqg@eepurl.com,Polygender,Lebanon,72
Boris,Goldsby,bgoldsbyqh@qq.com,Bigender,Indonesia,20
Wash,Pollastrino,wpollastrinoqi@fotki.com,Genderfluid,Russia,59
Hobey,Fullerd,hfullerdqj@google.it,Bigender,Indonesia,61
Vivianna,Dollar,vdollarqk@patch.com,Genderfluid,Thailand,37
Kleon,Achurch,kachurchql@wufoo.com,Male,Uganda,37
Cully,Permain,cpermainqm@reverbnation.com,Polygender,China,30
Pieter,Boadby,pboadbyqn@nbcnews.com,Genderfluid,North Korea,73
Worthington,Turner,wturnerqo@hubpages.com,Bigender,Indonesia,75
Ahmad,Impleton,aimpletonqp@acquirethisname.com,Genderfluid,Philippines,74
Franny,Oldroyd,foldroydqq@reverbnation.com,Non-binary,China,50
Deb,Mollin,dmollinqr@mac.com,Male,Indonesia,33
Robbin,Witcomb,rwitcombqs@yahoo.co.jp,Genderqueer,Morocco,61
Aloise,Bernette,abernetteqt@state.tx.us,Genderfluid,Jamaica,48
Dredi,Tout,dtoutqu@slideshare.net,Polygender,Haiti,72
Shayne,Ridger,sridgerqv@chicagotribune.com,Polygender,Philippines,54
Monica,Tuer,mtuerqw@issuu.com,Bigender,Palestinian Territory,69
Kiel,Edlington,kedlingtonqx@theguardian.com,Bigender,Cameroon,53
Isis,Beneyto,ibeneytoqy@nydailynews.com,Polygender,China,60
Karlotte,Briton,kbritonqz@theatlantic.com,Bigender,Japan,64
Duke,Rudeyeard,drudeyeardr0@nsw.gov.au,Female,Vietnam,36
Gregorio,East,geastr1@zimbio.com,Female,Philippines,75
Donelle,Ebsworth,debsworthr2@hibu.com,Female,Indonesia,45
Mandi,O' Hogan,mohoganr3@forbes.com,Bigender,Ukraine,68
Alphonse,Claeskens,aclaeskensr4@pcworld.com,Polygender,Burundi,78
Rycca,Scrine,rscriner5@java.com,Male,Nigeria,75
Giffy,Seabrocke,gseabrocker6@shinystat.com,Polygender,France,65
Timoteo,Safont,tsafontr7@furl.net,Female,Cuba,39
Simone,Oda,sodar8@amazon.de,Genderfluid,China,46
Emylee,Lodford,elodfordr9@eventbrite.com,Genderqueer,Egypt,44
Tammie,Arsey,tarseyra@intel.com,Male,Indonesia,31
Milzie,McRobert,mmcrobertrb@elpais.com,Male,Philippines,28
Antone,Redwood,aredwoodrc@google.com.au,Polygender,Peru,48
Nita,Tearny,ntearnyrd@ucoz.com,Genderqueer,China,68
Marline,Astlet,mastletre@java.com,Agender,Philippines,35
Merrel,Montilla,mmontillarf@de.vu,Genderqueer,Italy,69
Leena,McGawn,lmcgawnrg@weebly.com,Male,Poland,69
Richie,Pirdue,rpirduerh@rediff.com,Polygender,Pakistan,40
Rozanne,McGillivrie,rmcgillivrieri@theatlantic.com,Genderfluid,Armenia,15
Monah,Bridal,mbridalrj@kickstarter.com,Genderfluid,Portugal,27
Courtney,Kenright,ckenrightrk@pen.io,Female,Peru,80
Aldis,Hupe,ahuperl@arstechnica.com,Genderfluid,Albania,73
Raychel,Bushill,rbushillrm@icq.com,Genderfluid,Poland,20
Tuckie,MacKimm,tmackimmrn@google.com.br,Agender,Indonesia,61
Zeb,Fawks,zfawksro@addthis.com,Bigender,Japan,64
Tabatha,Younie,tyounierp@reverbnation.com,Genderqueer,Indonesia,83
Kelsy,Gibbon,kgibbonrq@e-recht24.de,Genderqueer,China,58
Fenelia,Hattiff,fhattiffrr@comsenz.com,Bigender,Russia,28
